[{"id":"1","articleId":"gcc","content":"A _markdown_ comment.","email":"Kamiya","createdAt":1747698962289},{"id":"2","articleId":"gcc","content":"Test","email":"Kamiya","createdAt":1747707033929},{"id":"4","articleId":"domain-setup","content":"Test","email":"Kamiya","createdAt":1748056289659},{"id":"5","articleId":"tinymist-2024-server-part","content":"前排","email":"hongjr03","createdAt":1748062077951},{"id":"6","articleId":"shr","content":"可以试试WezTree，也很快 :)","email":"云楼汐","createdAt":1748334322067}]
