model,run,N,Q,K,activation_power,ritz_degree,ritz_ratio,projection_samples,projection_gram_residual,boundary_residual,validation_score,hyperparameter_scores,parameter_covering_radius,parameter_separation,projection_seed,training_seed,system_backend,direct_solver,direct_rcond,manufactured_solution,nu,name,r_c,r_e,abs_u,abs_M,wall_time,rank,columns,condition_estimate,w_h2_error,M_hdivdiv_error,coefficient_ball_active,coefficient_norm,algorithm,hyperparameter,study,configuration
plate,0,400,1604,441,7,7,1.0,2048,4.543081854633512e-15,0.0,0.0008192842643696145,"{""100.0"": 66.32393931580577, ""1000.0"": 28.272321282693316, ""10000.0"": 8.33722032771157, ""100000.0"": 0.0008192842643696145, ""1000000.0"": 0.000982206204274213, ""inf"": 0.0032683387455892266}",0.1764912388367556,0.03519211925547657,100023,100031,direct,streaming_tsqr,1e-14,trig,0.3,LS(ball),0.00011746572592562877,0.0008131221918270285,2.611144217825964e-07,5.3886972666822094e-06,0.7887552469910588,1320,1604,97967098244077.97,0.00010238647266048987,0.00081314004753168,True,2496.8808486367216,ball,100000.0,k,Kratio-1
plate,0,400,1604,441,7,7,1.0,2048,4.543081854633512e-15,0.0,0.0008268737741893463,"{""1e-05"": 22.552625092952077, ""1e-06"": 4.3779493878839615, ""1e-08"": 0.04587505849677412, ""1e-10"": 0.0009553537237877109, ""1e-12"": 0.0008268737741893463, ""1e-14"": 0.0027596255819274467}",0.1764912388367556,0.03519211925547657,100023,100031,direct,streaming_tsqr,1e-14,trig,0.3,LS(ridge),0.00010017519789822158,0.0008217580932554175,1.913987567919061e-07,3.502953700086953e-06,0.43237501799012534,1027,1604,996381038118.956,9.511386178622948e-05,0.0008217655593387961,True,5261.426297645051,ridge,1e-12,k,Kratio-1
plate,0,400,1604,441,7,7,1.0,2048,4.543081854633512e-15,0.0,0.0008391126897158773,"{""1e-06"": 4.693480010698041, ""1e-08"": 0.03241335777160248, ""1e-10"": 0.001009852784481036, ""1e-12"": 0.0008391126897158773, ""1e-14"": 0.0032683387455892266}",0.1764912388367556,0.03519211925547657,100023,100031,direct,streaming_tsqr,1e-14,trig,0.3,LS(tsvd),0.00010360192217916701,0.0008339753950778641,1.946761747267794e-07,3.7292783985086854e-06,0.4357705850270577,1027,1604,996381038118.956,9.734838526535662e-05,0.0008339837331223272,False,4926.125927188527,tsvd,1e-12,k,Kratio-1
plate,1,400,1604,441,7,7,1.0,2048,2.5919196719338568e-15,0.0,0.0007705349157435698,"{""100.0"": 66.83660974153341, ""1000.0"": 28.518991860559854, ""10000.0"": 8.409884954107596, ""100000.0"": 0.0007705349157435698, ""1000000.0"": 0.0008503063311299017, ""inf"": 0.00924769132725541}",0.1764912388367556,0.03519211925547657,200023,200031,direct,streaming_tsqr,1e-14,trig,0.3,LS(ball),0.00012358291090120368,0.000764888648242625,7.233676071371595e-08,6.5456827719139834e-06,0.7762448790308554,1317,1604,98234461547023.73,9.944539726071846e-05,0.0007649166557039928,True,2496.8808441285587,ball,100000.0,k,Kratio-1
plate,1,400,1604,441,7,7,1.0,2048,2.5919196719338568e-15,0.0,0.0007773017246993298,"{""1e-05"": 23.316720563656297, ""1e-06"": 4.401201160297048, ""1e-08"": 0.05131887023928086, ""1e-10"": 0.0009926046926584968, ""1e-12"": 0.0007773017246993298, ""1e-14"": 0.006174401424212171}",0.1764912388367556,0.03519211925547657,200023,200031,direct,streaming_tsqr,1e-14,trig,0.3,LS(ridge),0.0001025578613171999,0.0007727663251559875,8.4583315080126e-08,4.361263685635911e-06,0.43741890802630223,1023,1604,971414273787.9965,9.185205249640712e-05,0.0007727786318966286,True,4980.779773682514,ridge,1e-12,k,Kratio-1
plate,1,400,1604,441,7,7,1.0,2048,2.5919196719338568e-15,0.0,0.0007898481450455761,"{""1e-06"": 4.6915563762392685, ""1e-08"": 0.05422438615601802, ""1e-10"": 0.0010457600908860846, ""1e-12"": 0.0007898481450455761, ""1e-14"": 0.00924769132725541}",0.1764912388367556,0.03519211925547657,200023,200031,direct,streaming_tsqr,1e-14,trig,0.3,LS(tsvd),0.00010124278576055075,0.0007855138579800768,9.339384227012727e-08,4.082774268105908e-06,0.4400142640224658,1023,1604,971414273787.9965,9.16872157487866e-05,0.0007855244681895456,False,4582.311826828671,tsvd,1e-12,k,Kratio-1
plate,2,400,1604,441,7,7,1.0,2048,1.6471140002618258e-15,0.0,0.0007984351404313586,"{""100.0"": 66.26313373185342, ""1000.0"": 28.305029364715853, ""10000.0"": 8.372375650741263, ""100000.0"": 0.0007984351404313586, ""1000000.0"": 0.0009808286179092828, ""inf"": 0.0032178607654443614}",0.1764912388367556,0.03519211925547657,300023,300031,direct,streaming_tsqr,1e-14,trig,0.3,LS(ball),0.00012484827386450984,0.0007913417553894821,1.1658492977674863e-07,6.2662678637368e-06,0.7933737130078953,1311,1604,97583119234378.53,0.00010817361067513299,0.0007913665648331669,True,2496.8808433185163,ball,100000.0,k,Kratio-1
plate,2,400,1604,441,7,7,1.0,2048,1.6471140002618258e-15,0.0,0.0007688023521508897,"{""1e-05"": 22.885921622070214, ""1e-06"": 4.375861652591268, ""1e-08"": 0.046674304867705255, ""1e-10"": 0.0010104250700277114, ""1e-12"": 0.0007688023521508897, ""1e-14"": 0.0036171596343231678}",0.1764912388367556,0.03519211925547657,300023,300031,direct,streaming_tsqr,1e-14,trig,0.3,LS(ridge),0.00011385503502285063,0.0007624164601506535,1.23043091707544e-07,5.1289281207092805e-06,0.45691641201847233,1026,1604,989508328559.4321,0.00010333699092000672,0.0007624337116184727,True,4862.296388748825,ridge,1e-12,k,Kratio-1
plate,2,400,1604,441,7,7,1.0,2048,1.6471140002618258e-15,0.0,0.0007856651974716731,"{""1e-06"": 4.710364278179531, ""1e-08"": 0.031643322323682506, ""1e-10"": 0.0013359310462257665, ""1e-12"": 0.0007856651974716731, ""1e-14"": 0.0032178607654443614}",0.1764912388367556,0.03519211925547657,300023,300031,direct,streaming_tsqr,1e-14,trig,0.3,LS(tsvd),0.00011803506874506582,0.0007789429478865988,1.0659528215778994e-07,5.105325186608795e-06,0.4596194240148179,1026,1604,989508328559.4321,0.00010833159052558162,0.0007789596782937648,False,4573.16677812454,tsvd,1e-12,k,Kratio-1
plate,3,400,1604,441,7,7,1.0,2048,3.694032636234688e-15,0.0,0.0007883427816732628,"{""100.0"": 66.56452243993364, ""1000.0"": 28.3456667703366, ""10000.0"": 8.371918893654074, ""100000.0"": 0.0007883427816732628, ""1000000.0"": 0.0009202802122659938, ""inf"": 0.0021015849094599233}",0.1764912388367556,0.03519211925547657,400023,400031,direct,streaming_tsqr,1e-14,trig,0.3,LS(ball),0.00012505815563094454,0.0007812684366872176,4.995725066570873e-07,6.339806386699496e-06,0.8111209009948652,1311,1604,99136675710671.81,0.00011003903160186607,0.000781294159269548,True,2496.8808540162345,ball,100000.0,k,Kratio-1
plate,3,400,1604,441,7,7,1.0,2048,3.694032636234688e-15,0.0,0.000810577524229635,"{""1e-05"": 23.12664973233476, ""1e-06"": 4.4695417489386715, ""1e-08"": 0.052754508816188435, ""1e-10"": 0.001023207627332127, ""1e-12"": 0.000810577524229635, ""1e-14"": 0.0021790095418800994}",0.1764912388367556,0.03519211925547657,400023,400031,direct,streaming_tsqr,1e-14,trig,0.3,LS(ridge),0.000103528721902634,0.0008052239624028016,4.7187155944751323e-07,3.981159558261404e-06,0.4555524199968204,1023,1604,998139265720.8385,9.739162376291142e-05,0.0008052338040961128,True,4892.560041693443,ridge,1e-12,k,Kratio-1
plate,3,400,1604,441,7,7,1.0,2048,3.694032636234688e-15,0.0,0.0008419465436236447,"{""1e-06"": 4.6823397738578665, ""1e-08"": 0.032796611806574345, ""1e-10"": 0.0010878251871533848, ""1e-12"": 0.0008419465436236447, ""1e-14"": 0.0021015849094599233}",0.1764912388367556,0.03519211925547657,400023,400031,direct,streaming_tsqr,1e-14,trig,0.3,LS(tsvd),0.00011480426104888044,0.0008355098408323254,5.071703666131023e-07,4.188980819584645e-06,0.4578547329874709,1023,1604,998139265720.8385,0.0001077441886741552,0.0008355203418756271,False,5353.07952273132,tsvd,1e-12,k,Kratio-1
plate,4,400,1604,441,7,7,1.0,2048,1.986943752089137e-15,0.0,0.0007361013392093882,"{""100.0"": 66.29481613854354, ""1000.0"": 28.340280928293335, ""10000.0"": 8.37515235520309, ""100000.0"": 0.0007361013392093882, ""1000000.0"": 0.001443795374052797, ""inf"": 0.004280673848501306}",0.1764912388367556,0.03519211925547657,500023,500031,direct,streaming_tsqr,1e-14,trig,0.3,LS(ball),0.00010379920819616139,0.0007301235978735797,3.7866944441517334e-07,4.5359427160359426e-06,0.8658573160064407,1317,1604,99907870491783.89,9.47156998613337e-05,0.0007301376876645828,True,2496.8808459022935,ball,100000.0,k,Kratio-1
plate,4,400,1604,441,7,7,1.0,2048,1.986943752089137e-15,0.0,0.000734500514175905,"{""1e-05"": 22.687346627956895, ""1e-06"": 4.359722638839147, ""1e-08"": 0.04222015091418547, ""1e-10"": 0.0009722073809682171, ""1e-12"": 0.000734500514175905, ""1e-14"": 0.0037329840268930997}",0.1764912388367556,0.03519211925547657,500023,500031,direct,streaming_tsqr,1e-14,trig,0.3,LS(ridge),9.173787866686411e-05,0.0007305118882491715,3.469057288382381e-07,3.169011120895414e-06,0.463587042002473,1028,1604,996626862189.6619,8.808801643144847e-05,0.0007305187619115983,True,5391.096262051561,ridge,1e-12,k,Kratio-1
plate,4,400,1604,441,7,7,1.0,2048,1.986943752089137e-15,0.0,0.0007494588604646501,"{""1e-06"": 4.654318464553375, ""1e-08"": 0.03112039424561842, ""1e-10"": 0.0010072535297447342, ""1e-12"": 0.0007494588604646501, ""1e-14"": 0.004280673848501306}",0.1764912388367556,0.03519211925547657,500023,500031,direct,streaming_tsqr,1e-14,trig,0.3,LS(tsvd),9.482018879005836e-05,0.0007454377328487817,3.458775773863271e-07,3.439139739206343e-06,0.4665547759796027,1028,1604,996626862189.6619,9.008509828524668e-05,0.0007454456661869311,False,5808.715432933738,tsvd,1e-12,k,Kratio-1
plate,5,400,1604,441,7,7,1.0,2048,3.206835010853999e-15,0.0,0.0007997807748791432,"{""100.0"": 66.58981919350697, ""1000.0"": 28.44457076459578, ""10000.0"": 8.368658105939593, ""100000.0"": 0.0007997807748791432, ""1000000.0"": 0.0009799534878660345, ""inf"": 0.004109879554354512}",0.1764912388367556,0.03519211925547657,600023,600031,direct,streaming_tsqr,1e-14,trig,0.3,LS(ball),0.00011759535520500585,0.0007928735063579346,2.4977320177855066e-07,5.499931871013788e-06,0.8064398189890198,1310,1604,97417811208681.47,0.00010499308131508134,0.0007928925818387454,True,2496.8808404386905,ball,100000.0,k,Kratio-1
plate,5,400,1604,441,7,7,1.0,2048,3.206835010853999e-15,0.0,0.0008133318553927576,"{""1e-05"": 23.107240944508387, ""1e-06"": 4.357904584397979, ""1e-08"": 0.04798024213257072, ""1e-10"": 0.0010106718378380918, ""1e-12"": 0.0008133318553927576, ""1e-14"": 0.006615842973906317}",0.1764912388367556,0.03519211925547657,600023,600031,direct,streaming_tsqr,1e-14,trig,0.3,LS(ridge),0.00010057682115828949,0.0008079649899302826,2.4103574725707267e-07,3.578650747373744e-06,0.46129112399648875,1024,1604,993424367204.9076,9.602495190502193e-05,0.0008079729151984077,True,5041.680468735686,ridge,1e-12,k,Kratio-1
plate,5,400,1604,441,7,7,1.0,2048,3.206835010853999e-15,0.0,0.0008078640524381312,"{""1e-06"": 4.697715858831658, ""1e-08"": 0.03271528572371027, ""1e-10"": 0.001091656077086163, ""1e-12"": 0.0008078640524381312, ""1e-14"": 0.004109879554354512}",0.1764912388367556,0.03519211925547657,600023,600031,direct,streaming_tsqr,1e-14,trig,0.3,LS(tsvd),0.00010492872373623762,0.000801875783042526,2.74980417779832e-07,3.5962995420854335e-06,0.46649779999279417,1024,1604,993424367204.9076,9.954384615169726e-05,0.0008018838474495297,False,5453.733320320189,tsvd,1e-12,k,Kratio-1
plate,6,400,1604,441,7,7,1.0,2048,2.588560964949459e-15,0.0,0.0007800394959191454,"{""100.0"": 66.41119342346049, ""1000.0"": 28.377449151943456, ""10000.0"": 8.387111452592178, ""100000.0"": 0.0007800394959191454, ""1000000.0"": 0.0010303446856734229, ""inf"": 0.0126056426688894}",0.1764912388367556,0.03519211925547657,700023,700031,direct,streaming_tsqr,1e-14,trig,0.3,LS(ball),0.00011393134325251555,0.0007731596630961228,1.8472753164396226e-07,5.021071669139406e-06,0.9052551740023773,1316,1604,97722080544438.81,0.00010193784586969626,0.0007731759669050873,True,2496.880856616602,ball,100000.0,k,Kratio-1
plate,6,400,1604,441,7,7,1.0,2048,2.588560964949459e-15,0.0,0.0007794068377906597,"{""1e-05"": 23.102466262409525, ""1e-06"": 4.469315793086841, ""1e-08"": 0.0468771610890194, ""1e-10"": 0.0009934834750547237, ""1e-12"": 0.0007794068377906597, ""1e-14"": 0.009162586889689956}",0.1764912388367556,0.03519211925547657,700023,700031,direct,streaming_tsqr,1e-14,trig,0.3,LS(ridge),0.00010407526724407287,0.0007732833934676423,2.3943161762411496e-07,3.67103182240064e-06,0.4678732280153781,1027,1604,992488276131.7606,9.733029585536927e-05,0.000773292107219176,True,4624.688368937156,ridge,1e-12,k,Kratio-1
plate,6,400,1604,441,7,7,1.0,2048,2.588560964949459e-15,0.0,0.0008052326996855117,"{""1e-06"": 4.674675805780535, ""1e-08"": 0.035204306317127586, ""1e-10"": 0.0010629235361411266, ""1e-12"": 0.0008052326996855117, ""1e-14"": 0.0126056426688894}",0.1764912388367556,0.03519211925547657,700023,700031,direct,streaming_tsqr,1e-14,trig,0.3,LS(tsvd),0.00011078822496271738,0.0007986042374284979,2.3746555269065106e-07,4.042603280108024e-06,0.48012354399543256,1027,1604,992488276131.7606,0.00010245229662783169,0.0007986144693655588,False,5213.111828239305,tsvd,1e-12,k,Kratio-1
plate,7,400,1604,441,7,7,1.0,2048,2.16223785693955e-15,0.0,0.0007793885915403454,"{""100.0"": 66.34103236468744, ""1000.0"": 28.402093984185065, ""10000.0"": 8.358310617602354, ""100000.0"": 0.0007793885915403454, ""1000000.0"": 0.0009695372162475192, ""inf"": 0.0016686243333437186}",0.1764912388367556,0.03519211925547657,800023,800031,direct,streaming_tsqr,1e-14,trig,0.3,LS(ball),0.00010431326106977336,0.0007738603578240711,1.6989544930235756e-07,4.014641589339247e-06,0.7847827830119058,1326,1604,96104180059285.83,9.757950382726202e-05,0.0007738707713557156,True,2496.8808471190387,ball,100000.0,k,Kratio-1
plate,7,400,1604,441,7,7,1.0,2048,2.16223785693955e-15,0.0,0.0007786851072682088,"{""1e-05"": 22.35844308671301, ""1e-06"": 4.41656653416172, ""1e-08"": 0.04374901904292953, ""1e-10"": 0.0009505294897936128, ""1e-12"": 0.0007786851072682088, ""1e-14"": 0.0014493279631326524}",0.1764912388367556,0.03519211925547657,800023,800031,direct,streaming_tsqr,1e-14,trig,0.3,LS(ridge),9.451689535011108e-05,0.0007745978937652252,1.5636822856032645e-07,2.9352669115859973e-06,0.423737709003035,1033,1604,977214062797.9873,9.18687172735181e-05,0.0007746034552061883,True,5310.449150551856,ridge,1e-12,k,Kratio-1
plate,7,400,1604,441,7,7,1.0,2048,2.16223785693955e-15,0.0,0.0007932482618275146,"{""1e-06"": 4.670043287308679, ""1e-08"": 0.03214869739749476, ""1e-10"": 0.0010044713769298906, ""1e-12"": 0.0007932482618275146, ""1e-14"": 0.0016686243333437186}",0.1764912388367556,0.03519211925547657,800023,800031,direct,streaming_tsqr,1e-14,trig,0.3,LS(tsvd),9.980471438643256e-05,0.0007889495550179072,1.6019543832436683e-07,3.2718824312423745e-06,0.42764352398808114,1033,1604,977214062797.9873,9.611130177394828e-05,0.0007889563394622022,False,4920.228105314689,tsvd,1e-12,k,Kratio-1
plate,8,400,1604,441,7,7,1.0,2048,2.356905659780124e-15,0.0,0.0009400522005087279,"{""100.0"": 66.22883278952139, ""1000.0"": 28.374873993775598, ""10000.0"": 8.382013492911682, ""100000.0"": 0.0009400522005087279, ""1000000.0"": 0.0010998894249355565, ""inf"": 0.005825544189916498}",0.1764912388367556,0.03519211925547657,900023,900031,direct,streaming_tsqr,1e-14,trig,0.3,LS(ball),0.00012152063130327494,0.0009348870900733698,2.2968434530794522e-07,5.7223891000162955e-06,0.7819474420393817,1310,1604,98924351390770.66,0.00010194794099029938,0.0009349046031135289,True,2496.880851900611,ball,100000.0,k,Kratio-1
plate,8,400,1604,441,7,7,1.0,2048,2.356905659780124e-15,0.0,0.0009267834385883093,"{""1e-05"": 23.459699349246616, ""1e-06"": 4.417493034806845, ""1e-08"": 0.04937792274804757, ""1e-10"": 0.001045405488465198, ""1e-12"": 0.0009267834385883093, ""1e-14"": 0.004072060387142083}",0.1764912388367556,0.03519211925547657,900023,900031,direct,streaming_tsqr,1e-14,trig,0.3,LS(ridge),0.00010576430987704855,0.0009221461807444364,2.1038033457335523e-07,3.4866475664431335e-06,0.45129232402541675,1026,1604,999011578645.2196,0.00010057515159224767,0.000922152772252409,True,4731.854105547599,ridge,1e-12,k,Kratio-1
plate,8,400,1604,441,7,7,1.0,2048,2.356905659780124e-15,0.0,0.0009018814293771856,"{""1e-06"": 4.724512018024598, ""1e-08"": 0.02836338783300217, ""1e-10"": 0.0011576164350985698, ""1e-12"": 0.0009018814293771856, ""1e-14"": 0.005825544189916498}",0.1764912388367556,0.03519211925547657,900023,900031,direct,streaming_tsqr,1e-14,trig,0.3,LS(tsvd),0.00010878081068197135,0.0008969723832354693,2.2036586965343582e-07,3.8729282624764315e-06,0.45391338103218004,1026,1604,999011578645.2196,0.00010266469234004112,0.0008969807444201039,False,4652.248199274001,tsvd,1e-12,k,Kratio-1
plate,9,400,1604,441,7,7,1.0,2048,1.542575333304049e-15,0.0,0.0007450009609236408,"{""100.0"": 66.31480820375735, ""1000.0"": 28.524986998303504, ""10000.0"": 8.342948414076318, ""100000.0"": 0.0007450009609236408, ""1000000.0"": 0.0009507524958522397, ""inf"": 0.0032501056398208396}",0.1764912388367556,0.03519211925547657,1000023,1000031,direct,streaming_tsqr,1e-14,trig,0.3,LS(ball),0.00010200793268644402,0.0007393624058885075,1.9197146610945557e-07,4.407068811562714e-06,0.7432596709986683,1318,1604,99459375426770.75,9.193877362391215e-05,0.0007393755402342925,True,2496.8808432710216,ball,100000.0,k,Kratio-1
plate,9,400,1604,441,7,7,1.0,2048,1.542575333304049e-15,0.0,0.0007415415227257997,"{""1e-05"": 22.6837244471154, ""1e-06"": 4.392547580084995, ""1e-08"": 0.042840401441841376, ""1e-10"": 0.0009457792076367745, ""1e-12"": 0.0007415415227257997, ""1e-14"": 0.0028115768487499302}",0.1764912388367556,0.03519211925547657,1000023,1000031,direct,streaming_tsqr,1e-14,trig,0.3,LS(ridge),9.057997488322444e-05,0.0007367070753820881,2.1722079789441485e-07,2.6679195109700765e-06,0.41251097302301787,1034,1604,984485432651.5366,8.805020664397932e-05,0.000736711906183514,True,5277.465081461782,ridge,1e-12,k,Kratio-1
plate,9,400,1604,441,7,7,1.0,2048,1.542575333304049e-15,0.0,0.0007520325686515002,"{""1e-06"": 4.743789504068369, ""1e-08"": 0.031019575802734418, ""1e-10"": 0.0010178622940758574, ""1e-12"": 0.0007520325686515002, ""1e-14"": 0.0032501056398208396}",0.1764912388367556,0.03519211925547657,1000023,1000031,direct,streaming_tsqr,1e-14,trig,0.3,LS(tsvd),9.267169546417677e-05,0.0007470078895310833,2.0963012872298957e-07,2.6437386753526753e-06,0.4159570430056192,1034,1604,984485432651.5366,9.000726423417627e-05,0.0007470125677496107,False,5189.417455390632,tsvd,1e-12,k,Kratio-1
plate,0,400,1604,841,7,7,2.0,3364,5.900793522345558e-15,0.0,0.0008212647159111929,"{""100.0"": 66.31023794718807, ""1000.0"": 28.325173837525256, ""10000.0"": 8.39542218669388, ""100000.0"": 0.0008212647159111929, ""1000000.0"": 0.0009919421251563393, ""inf"": 0.003369470738691399}",0.1764912388367556,0.03519211925547657,100023,100031,direct,streaming_tsqr,1e-14,trig,0.3,LS(ball),0.00013004649674012945,0.0008132161958408826,3.0874196115406557e-07,5.624660638955057e-06,0.7763731970335357,1328,1604,99392268137295.62,0.00011651497186792814,0.000813235647266658,True,2496.880850121036,ball,100000.0,k,Kratio-2
plate,0,400,1604,841,7,7,2.0,3364,5.900793522345558e-15,0.0,0.0008306477219605701,"{""1e-05"": 22.621921622585322, ""1e-06"": 4.380270190850464, ""1e-08"": 0.04579781737781743, ""1e-10"": 0.0009659745500107253, ""1e-12"": 0.0008306477219605701, ""1e-14"": 0.0027481594499592222}",0.1764912388367556,0.03519211925547657,100023,100031,direct,streaming_tsqr,1e-14,trig,0.3,LS(ridge),0.00013253409450940366,0.0008218051109883176,2.8100345148268836e-07,5.029328531990551e-06,0.42586911900434643,1030,1604,995866449542.0358,0.0001233437192295525,0.0008218205002261769,True,5215.175770493273,ridge,1e-12,k,Kratio-2
plate,0,400,1604,841,7,7,2.0,3364,5.900793522345558e-15,0.0,0.00084359309774839,"{""1e-06"": 4.68898778751943, ""1e-08"": 0.0329826309471305, ""1e-10"": 0.001020423532717179, ""1e-12"": 0.00084359309774839, ""1e-14"": 0.003369470738691399}",0.1764912388367556,0.03519211925547657,100023,100031,direct,streaming_tsqr,1e-14,trig,0.3,LS(tsvd),0.00013850686545893978,0.000834428675363359,2.8703065069584834e-07,5.374047814561118e-06,0.4284232620266266,1030,1604,995866449542.0358,0.00012746671182396963,0.0008344459806713453,False,4843.910459143143,tsvd,1e-12,k,Kratio-2
plate,1,400,1604,841,7,7,2.0,3364,5.525414034298001e-15,0.0,0.0007720242289125079,"{""100.0"": 66.85688774713387, ""1000.0"": 28.58431388843962, ""10000.0"": 8.449551892664394, ""100000.0"": 0.0007720242289125079, ""1000000.0"": 0.0008567946068992555, ""inf"": 0.009339711646653837}",0.1764912388367556,0.03519211925547657,200023,200031,direct,streaming_tsqr,1e-14,trig,0.3,LS(ball),0.00012546760206423572,0.000764907204693163,9.23045040900411e-08,5.8331895726721174e-06,0.8033803009893745,1325,1604,98234586582502.0,0.0001106313928710677,0.0007649294463492036,True,2496.880851255291,ball,100000.0,k,Kratio-2
plate,1,400,1604,841,7,7,2.0,3364,5.525414034298001e-15,0.0,0.0007793160251331239,"{""1e-05"": 23.387430464800346, ""1e-06"": 4.417182524364289, ""1e-08"": 0.0514578883899328, ""1e-10"": 0.0010047298814053103, ""1e-12"": 0.0007793160251331239, ""1e-14"": 0.006200365027751293}",0.1764912388367556,0.03519211925547657,200023,200031,direct,streaming_tsqr,1e-14,trig,0.3,LS(ridge),0.00011370888250485187,0.0007727091628715165,1.0254937073531099e-07,4.028465367788874e-06,0.4201153899775818,1028,1604,983849775139.4634,0.00010834446131341431,0.0007727196638618816,True,4977.446952245077,ridge,1e-12,k,Kratio-2
plate,1,400,1604,841,7,7,2.0,3364,5.525414034298001e-15,0.0,0.0007915560102143644,"{""1e-06"": 4.69819635556822, ""1e-08"": 0.03860573235215653, ""1e-10"": 0.001055297391922421, ""1e-12"": 0.0007915560102143644, ""1e-14"": 0.009339711646653837}",0.1764912388367556,0.03519211925547657,200023,200031,direct,streaming_tsqr,1e-14,trig,0.3,LS(tsvd),0.00011339086055268835,0.0007851918608147341,1.0311655823513159e-07,3.879825848747893e-06,0.4232727850030642,1028,1604,983849775139.4634,0.00010824182771974575,0.0007852014463424793,False,4604.340758346753,tsvd,1e-12,k,Kratio-2
plate,2,400,1604,841,7,7,2.0,3364,2.5343654785253313e-15,0.0,0.0008000008265088385,"{""100.0"": 66.27435982031659, ""1000.0"": 28.326070040222973, ""10000.0"": 8.36466088948761, ""100000.0"": 0.0008000008265088385, ""1000000.0"": 0.000992125422119016, ""inf"": 0.0030986592020084028}",0.1764912388367556,0.03519211925547657,300023,300031,direct,streaming_tsqr,1e-14,trig,0.3,LS(ball),0.00013665472667457067,0.000791356427420024,1.136549548775805e-07,6.931581877393108e-06,0.8150974029849749,1319,1604,99757476351752.34,0.00011911025593801854,0.0007913867840988417,True,2496.8808534973705,ball,100000.0,k,Kratio-2
plate,2,400,1604,841,7,7,2.0,3364,2.5343654785253313e-15,0.0,0.0007702875578162378,"{""1e-05"": 22.89355385628972, ""1e-06"": 4.378831033606543, ""1e-08"": 0.04699859806920313, ""1e-10"": 0.0010166046280821977, ""1e-12"": 0.0007702875578162378, ""1e-14"": 0.003579981206385163}",0.1764912388367556,0.03519211925547657,300023,300031,direct,streaming_tsqr,1e-14,trig,0.3,LS(ridge),0.00012530860197527884,0.0007624342432621045,1.0782648333048987e-07,5.525986338905006e-06,0.4723617989802733,1032,1604,998979626388.2875,0.00011381658564381114,0.0007624542686769322,True,4801.721359254195,ridge,1e-12,k,Kratio-2
plate,2,400,1604,841,7,7,2.0,3364,2.5343654785253313e-15,0.0,0.0007867543549910791,"{""1e-06"": 4.740709423955924, ""1e-08"": 0.03424586397269435, ""1e-10"": 0.0013258611826458579, ""1e-12"": 0.0007867543549910791, ""1e-14"": 0.0030986592020084028}",0.1764912388367556,0.03519211925547657,300023,300031,direct,streaming_tsqr,1e-14,trig,0.3,LS(tsvd),0.00012528713678923824,0.000779145918157281,1.1081848461799067e-07,5.296019181874357e-06,0.4756199130206369,1032,1604,998979626388.2875,0.0001146712093959442,0.0007791639170292264,False,4570.343436812051,tsvd,1e-12,k,Kratio-2
plate,3,400,1604,841,7,7,2.0,3364,2.5371889883540105e-15,0.0,0.0007893391019429637,"{""100.0"": 66.55542342045037, ""1000.0"": 28.323196280555898, ""10000.0"": 8.388948173438854, ""100000.0"": 0.0007893391019429637, ""1000000.0"": 0.0009298836650852301, ""inf"": 0.0021079213003545945}",0.1764912388367556,0.03519211925547657,400023,400031,direct,streaming_tsqr,1e-14,trig,0.3,LS(ball),0.0001326952674428866,0.0007812654670480329,4.947662585406771e-07,6.496829173113933e-06,0.7781822980032302,1320,1604,99910778712502.47,0.0001172251438629662,0.0007812924796714004,True,2496.8808400008247,ball,100000.0,k,Kratio-2
plate,3,400,1604,841,7,7,2.0,3364,2.5371889883540105e-15,0.0,0.0008138164223960561,"{""1e-05"": 23.116613868696177, ""1e-06"": 4.481578570986701, ""1e-08"": 0.05412480911230203, ""1e-10"": 0.0010198156010820018, ""1e-12"": 0.0008138164223960561, ""1e-14"": 0.002184904382634262}",0.1764912388367556,0.03519211925547657,400023,400031,direct,streaming_tsqr,1e-14,trig,0.3,LS(ridge),0.00012982431274395566,0.0008051703425809145,4.6314630937579593e-07,5.022588828615306e-06,0.45507587399333715,1026,1604,976195122161.1367,0.00012179117078153346,0.0008051860076841925,True,4862.777421752026,ridge,1e-12,k,Kratio-2
plate,3,400,1604,841,7,7,2.0,3364,2.5371889883540105e-15,0.0,0.0008433739448854321,"{""1e-06"": 4.706118094236455, ""1e-08"": 0.034896180765347416, ""1e-10"": 0.0010953115436231249, ""1e-12"": 0.0008433739448854321, ""1e-14"": 0.0021079213003545945}",0.1764912388367556,0.03519211925547657,400023,400031,direct,streaming_tsqr,1e-14,trig,0.3,LS(tsvd),0.00012986325771815896,0.0008349728518333242,4.7355095481731683e-07,5.081169321121474e-06,0.45750154499546625,1026,1604,976195122161.1367,0.00012225920564776794,0.0008349883122417608,False,5337.620583867512,tsvd,1e-12,k,Kratio-2
plate,4,400,1604,841,7,7,2.0,3364,3.009184335541785e-15,0.0,0.0007390441289465922,"{""100.0"": 66.32244017899895, ""1000.0"": 28.37656355818045, ""10000.0"": 8.398096196134638, ""100000.0"": 0.0007390441289465922, ""1000000.0"": 0.0014604355137693768, ""inf"": 0.0043203946307923385}",0.1764912388367556,0.03519211925547657,500023,500031,direct,streaming_tsqr,1e-14,trig,0.3,LS(ball),0.0001232684137275244,0.0007301119761700312,3.9466377790961995e-07,4.797033561883832e-06,0.7699177860049531,1326,1604,97806374035684.34,0.00011505197358731421,0.0007301277349052712,True,2496.8808559836493,ball,100000.0,k,Kratio-2
plate,4,400,1604,841,7,7,2.0,3364,3.009184335541785e-15,0.0,0.0007376830095152208,"{""1e-05"": 22.712801173353192, ""1e-06"": 4.366609296174553, ""1e-08"": 0.04280553461214843, ""1e-10"": 0.0009832225246201268, ""1e-12"": 0.0007376830095152208, ""1e-14"": 0.003754629185783666}",0.1764912388367556,0.03519211925547657,500023,500031,direct,streaming_tsqr,1e-14,trig,0.3,LS(ridge),0.00011587687270798997,0.0007305176199071684,3.6849856173510545e-07,3.6250813888345156e-06,0.4171227920160163,1032,1604,989580320564.7656,0.00011145367280713759,0.0007305266143063576,True,5368.269655511425,ridge,1e-12,k,Kratio-2
plate,4,400,1604,841,7,7,2.0,3364,3.009184335541785e-15,0.0,0.0007515630957011593,"{""1e-06"": 4.6416195317793605, ""1e-08"": 0.03334781981654088, ""1e-10"": 0.0010034188577102286, ""1e-12"": 0.0007515630957011593, ""1e-14"": 0.0043203946307923385}",0.1764912388367556,0.03519211925547657,500023,500031,direct,streaming_tsqr,1e-14,trig,0.3,LS(tsvd),0.0001170893297854094,0.0007444168422705082,3.686080714796985e-07,3.6456770712522316e-06,0.41976933099795133,1032,1604,989580320564.7656,0.00011303898448362625,0.000744425769313034,False,5767.061270221105,tsvd,1e-12,k,Kratio-2
plate,5,400,1604,841,7,7,2.0,3364,3.9057355655364296e-15,0.0,0.0008012393686305544,"{""100.0"": 66.61115879377472, ""1000.0"": 28.502214608768455, ""10000.0"": 8.40630645292801, ""100000.0"": 0.0008012393686305544, ""1000000.0"": 0.0009924285771625789, ""inf"": 0.004117052002284296}",0.1764912388367556,0.03519211925547657,600023,600031,direct,streaming_tsqr,1e-14,trig,0.3,LS(ball),0.00013180146148067387,0.0007928991764580346,2.490566830101795e-07,6.6856392039072655e-06,0.7854587170004379,1317,1604,97686062834163.44,0.00011531877498203288,0.0007929273622466275,True,2496.880853027895,ball,100000.0,k,Kratio-2
plate,5,400,1604,841,7,7,2.0,3364,3.9057355655364296e-15,0.0,0.0008148721340109893,"{""1e-05"": 23.15786434700261, ""1e-06"": 4.364048063465149, ""1e-08"": 0.04791660702051412, ""1e-10"": 0.00101935056017749, ""1e-12"": 0.0008148721340109893, ""1e-14"": 0.006565184263419172}",0.1764912388367556,0.03519211925547657,600023,600031,direct,streaming_tsqr,1e-14,trig,0.3,LS(ridge),0.00012037951790669433,0.0008080249612146716,2.0593907137561384e-07,5.347507793136817e-06,0.4544075469893869,1030,1604,997439535370.056,0.00010775299476723965,0.0008080426559195803,True,5016.493863550898,ridge,1e-12,k,Kratio-2
plate,5,400,1604,841,7,7,2.0,3364,3.9057355655364296e-15,0.0,0.0008091263461030453,"{""1e-06"": 4.70416667802908, ""1e-08"": 0.033430014271533116, ""1e-10"": 0.0011134170045134443, ""1e-12"": 0.0008091263461030453, ""1e-14"": 0.004117052002284296}",0.1764912388367556,0.03519211925547657,600023,600031,direct,streaming_tsqr,1e-14,trig,0.3,LS(tsvd),0.00012306201042515651,0.0008018971194695689,1.7835237652250386e-07,5.499437519982083e-06,0.45677182398503646,1030,1604,997439535370.056,0.00010908503512135238,0.0008019159769119382,False,5483.476909491801,tsvd,1e-12,k,Kratio-2
plate,6,400,1604,841,7,7,2.0,3364,1.950018053910315e-15,0.0,0.0007810029564724384,"{""100.0"": 66.42412488247473, ""1000.0"": 28.412298889936448, ""10000.0"": 8.405764405507316, ""100000.0"": 0.0007810029564724384, ""1000000.0"": 0.0010326276978345548, ""inf"": 0.012590724800617991}",0.1764912388367556,0.03519211925547657,700023,700031,direct,streaming_tsqr,1e-14,trig,0.3,LS(ball),0.00011883266365342791,0.0007731602154872824,1.690655563997071e-07,4.892398317610195e-06,0.7618620269931853,1327,1604,98203256795289.88,0.00010892452633959564,0.0007731756943758897,True,2496.8808412597978,ball,100000.0,k,Kratio-2
plate,6,400,1604,841,7,7,2.0,3364,1.950018053910315e-15,0.0,0.0007803541601258812,"{""1e-05"": 23.139331748112085, ""1e-06"": 4.472056322359076, ""1e-08"": 0.04683362553612455, ""1e-10"": 0.0009954305563629178, ""1e-12"": 0.0007803541601258812, ""1e-14"": 0.009158788111091378}",0.1764912388367556,0.03519211925547657,700023,700031,direct,streaming_tsqr,1e-14,trig,0.3,LS(ridge),0.00010970441299002328,0.0007732930053913405,2.2445552151093402e-07,3.5833402548826276e-06,0.41201890000957064,1032,1604,994332184870.6648,0.00010441235320781527,0.0007733013077155333,True,4559.729088403702,ridge,1e-12,k,Kratio-2
plate,6,400,1604,841,7,7,2.0,3364,1.950018053910315e-15,0.0,0.0008059039042634273,"{""1e-06"": 4.695427310573213, ""1e-08"": 0.0355069374478664, ""1e-10"": 0.0010607426265164986, ""1e-12"": 0.0008059039042634273, ""1e-14"": 0.012590724800617991}",0.1764912388367556,0.03519211925547657,700023,700031,direct,streaming_tsqr,1e-14,trig,0.3,LS(tsvd),0.00011389510506730053,0.0007986622919413874,2.5029152520438654e-07,3.894233216125949e-06,0.4152129990106914,1032,1604,994332184870.6648,0.00010679621472022024,0.0007986717859179774,False,5133.335797447014,tsvd,1e-12,k,Kratio-2
plate,7,400,1604,841,7,7,2.0,3364,4.783149150353831e-15,0.0,0.0007806396509823922,"{""100.0"": 66.37146118284471, ""1000.0"": 28.48320951384123, ""10000.0"": 8.411361363628695, ""100000.0"": 0.0007806396509823922, ""1000000.0"": 0.0009720504126398249, ""inf"": 0.0016737607092971276}",0.1764912388367556,0.03519211925547657,800023,800031,direct,streaming_tsqr,1e-14,trig,0.3,LS(ball),0.0001149391422457724,0.0007738440905452861,1.6115371136345633e-07,4.302148426237687e-06,0.7742877540003974,1330,1604,95896130790866.2,0.00010756224690365155,0.0007738560492449112,True,2496.880850495968,ball,100000.0,k,Kratio-2
plate,7,400,1604,841,7,7,2.0,3364,4.783149150353831e-15,0.0,0.0007801374075403295,"{""1e-05"": 22.43765411696079, ""1e-06"": 4.428359757527056, ""1e-08"": 0.04420944482649139, ""1e-10"": 0.0009539934228970992, ""1e-12"": 0.0007801374075403295, ""1e-14"": 0.001453192898247703}",0.1764912388367556,0.03519211925547657,800023,800031,direct,streaming_tsqr,1e-14,trig,0.3,LS(ridge),0.00010808604666205934,0.0007745679982020382,1.7353089034445108e-07,3.3885555616981276e-06,0.45568971399916336,1037,1604,999071232131.721,0.00010392673253553284,0.0007745754102393823,True,5285.579222207864,ridge,1e-12,k,Kratio-2
plate,7,400,1604,841,7,7,2.0,3364,4.783149150353831e-15,0.0,0.0007942046722354587,"{""1e-06"": 4.690044327120438, ""1e-08"": 0.03371263314202791, ""1e-10"": 0.0010081280766717315, ""1e-12"": 0.0007942046722354587, ""1e-14"": 0.0016737607092971276}",0.1764912388367556,0.03519211925547657,800023,800031,direct,streaming_tsqr,1e-14,trig,0.3,LS(tsvd),0.00010871355507142254,0.0007888955378846791,1.8237868501516612e-07,3.4006951359630847e-06,0.4588071210018825,1037,1604,999071232131.721,0.00010447009803393876,0.0007889028675456598,False,4924.63382251351,tsvd,1e-12,k,Kratio-2
plate,8,400,1604,841,7,7,2.0,3364,2.8310027323899038e-15,0.0,0.000940473021311871,"{""100.0"": 66.28043152234565, ""1000.0"": 28.415724744392577, ""10000.0"": 8.3995138338795, ""100000.0"": 0.000940473021311871, ""1000000.0"": 0.0011028160959071305, ""inf"": 0.005818306441136628}",0.1764912388367556,0.03519211925547657,900023,900031,direct,streaming_tsqr,1e-14,trig,0.3,LS(ball),0.0001270393774916937,0.0009345611238569732,2.0548268397423678e-07,5.6112609279774356e-06,0.7206072859698907,1317,1604,97883550184247.02,0.00010866443629649878,0.0009345779691786077,True,2496.8808544450444,ball,100000.0,k,Kratio-2
plate,8,400,1604,841,7,7,2.0,3364,2.8310027323899038e-15,0.0,0.0009275159973699285,"{""1e-05"": 23.49853678345546, ""1e-06"": 4.420959410564679, ""1e-08"": 0.049529858169898675, ""1e-10"": 0.0010457693450570517, ""1e-12"": 0.0009275159973699285, ""1e-14"": 0.004080072631194974}",0.1764912388367556,0.03519211925547657,900023,900031,direct,streaming_tsqr,1e-14,trig,0.3,LS(ridge),0.00011292475746826253,0.0009222317972768,1.8840823055489982e-07,3.7906880600673767e-06,0.3853973700024653,1031,1604,998331526486.0067,0.00010663770058605854,0.0009222395877560047,True,4715.091618387156,ridge,1e-12,k,Kratio-2
plate,8,400,1604,841,7,7,2.0,3364,2.8310027323899038e-15,0.0,0.0009021993022436672,"{""1e-06"": 4.712298039759946, ""1e-08"": 0.0292922138115726, ""1e-10"": 0.001159701986056489, ""1e-12"": 0.0009021993022436672, ""1e-14"": 0.005818306441136628}",0.1764912388367556,0.03519211925547657,900023,900031,direct,streaming_tsqr,1e-14,trig,0.3,LS(tsvd),0.00011518544505449216,0.0008965944031919586,1.859822939301087e-07,3.934411632782232e-06,0.389320466958452,1031,1604,998331526486.0067,0.00010882845831425152,0.0008966030355904671,False,4675.355500096694,tsvd,1e-12,k,Kratio-2
plate,9,400,1604,841,7,7,2.0,3364,3.384600772086999e-15,0.0,0.0007468782295952161,"{""100.0"": 66.3638574541627, ""1000.0"": 28.5651176420424, ""10000.0"": 8.39463602837095, ""100000.0"": 0.0007468782295952161, ""1000000.0"": 0.0009607915183598927, ""inf"": 0.0031747486110065585}",0.1764912388367556,0.03519211925547657,1000023,1000031,direct,streaming_tsqr,1e-14,trig,0.3,LS(ball),0.00011738856441037028,0.0007393291031489267,2.6378890018968206e-07,4.574600817767565e-06,0.7733624619722832,1325,1604,95291452830308.7,0.00010701323939134578,0.0007393432556909126,True,2496.880847665109,ball,100000.0,k,Kratio-2
plate,9,400,1604,841,7,7,2.0,3364,3.384600772086999e-15,0.0,0.0007433827951658701,"{""1e-05"": 22.747394854994617, ""1e-06"": 4.4043427043344865, ""1e-08"": 0.04289236041358155, ""1e-10"": 0.0009527368222420369, ""1e-12"": 0.0007433827951658701, ""1e-14"": 0.002781662980804026}",0.1764912388367556,0.03519211925547657,1000023,1000031,direct,streaming_tsqr,1e-14,trig,0.3,LS(ridge),0.00010733186990787683,0.0007366751512114933,3.087652628694974e-07,3.0755835688141074e-06,0.41803915199125186,1037,1604,984957073089.8478,0.00010359227594171327,0.000736681571390764,True,5252.291300994397,ridge,1e-12,k,Kratio-2
plate,9,400,1604,841,7,7,2.0,3364,3.384600772086999e-15,0.0,0.000753555473884634,"{""1e-06"": 4.728780287599908, ""1e-08"": 0.031183200888745547, ""1e-10"": 0.0010190840042856226, ""1e-12"": 0.000753555473884634, ""1e-14"": 0.0031747486110065585}",0.1764912388367556,0.03519211925547657,1000023,1000031,direct,streaming_tsqr,1e-14,trig,0.3,LS(tsvd),0.00010902263211463767,0.0007467011124410427,3.0706430244247713e-07,3.1446048558573437e-06,0.42210892197908834,1037,1604,984957073089.8478,0.00010509955256066093,0.0007467077338961946,False,5132.3313771548765,tsvd,1e-12,k,Kratio-2
plate,0,400,1604,1681,7,7,4.0,6724,4.2791337050657586e-15,0.0,0.0008210637089914143,"{""100.0"": 66.30822088660688, ""1000.0"": 28.315644574711737, ""10000.0"": 8.377400441973709, ""100000.0"": 0.0008210637089914143, ""1000000.0"": 0.0009879396347851907, ""inf"": 0.002852934020333854}",0.1764912388367556,0.03519211925547657,100023,100031,direct,streaming_tsqr,1e-14,trig,0.3,LS(ball),0.00012437578632762755,0.0008132156388180158,2.6104852483241746e-07,4.899104073940369e-06,0.8184133009926882,1328,1604,97391876228898.53,0.00011465575635197407,0.0008132303956683621,True,2496.8808408532127,ball,100000.0,k,Kratio-4
plate,0,400,1604,1681,7,7,4.0,6724,4.2791337050657586e-15,0.0,0.0008289322738483582,"{""1e-05"": 22.593210245329683, ""1e-06"": 4.3811527703666915, ""1e-08"": 0.0459934771583977, ""1e-10"": 0.000954691572931802, ""1e-12"": 0.0008289322738483582, ""1e-14"": 0.002744842934222282}",0.1764912388367556,0.03519211925547657,100023,100031,direct,streaming_tsqr,1e-14,trig,0.3,LS(ridge),0.00011447706887720215,0.0008217242114550256,2.3748592118387774e-07,3.3716805538821377e-06,0.41116672099451534,1031,1604,982783049064.9427,0.00011145040707679966,0.0008217311287283336,True,5218.559423501274,ridge,1e-12,k,Kratio-4
plate,0,400,1604,1681,7,7,4.0,6724,4.2791337050657586e-15,0.0,0.0008414556816791461,"{""1e-06"": 4.688983491492805, ""1e-08"": 0.03265076675464998, ""1e-10"": 0.001012317077576304, ""1e-12"": 0.0008414556816791461, ""1e-14"": 0.002852934020333854}",0.1764912388367556,0.03519211925547657,100023,100031,direct,streaming_tsqr,1e-14,trig,0.3,LS(tsvd),0.00011573376354737936,0.0008343358792433376,2.339257917025076e-07,3.4467480778844983e-06,0.41415693701128475,1031,1604,982783049064.9427,0.00011272651639765594,0.0008343429986912251,False,4856.1645961887625,tsvd,1e-12,k,Kratio-4
plate,1,400,1604,1681,7,7,4.0,6724,4.3612273916861765e-15,0.0,0.0007725173513731205,"{""100.0"": 66.84540795727166, ""1000.0"": 28.565624227755805, ""10000.0"": 8.451221299012907, ""100000.0"": 0.0007725173513731205, ""1000000.0"": 0.0008566700338448867, ""inf"": 0.009334387868550346}",0.1764912388367556,0.03519211925547657,200023,200031,direct,streaming_tsqr,1e-14,trig,0.3,LS(ball),0.00012747003171844425,0.0007649238338941481,9.284941946123994e-08,5.684474106678102e-06,0.8273055580211803,1326,1604,99909278798313.17,0.000113915123295148,0.000764944955474047,True,2496.8808403583607,ball,100000.0,k,Kratio-4
plate,1,400,1604,1681,7,7,4.0,6724,4.3612273916861765e-15,0.0,0.0007794744871846312,"{""1e-05"": 23.36929228215933, ""1e-06"": 4.414920583235058, ""1e-08"": 0.051333399892421916, ""1e-10"": 0.0009995717861680498, ""1e-12"": 0.0007794744871846312, ""1e-14"": 0.006180904354164982}",0.1764912388367556,0.03519211925547657,200023,200031,direct,streaming_tsqr,1e-14,trig,0.3,LS(ridge),0.00011532695151712426,0.0007727478786959903,9.8772364863485e-08,3.894639115055226e-06,0.49596343300072476,1029,1604,996205535281.2089,0.00010929852143520404,0.0007727576930985478,True,4964.334721192424,ridge,1e-12,k,Kratio-4
plate,1,400,1604,1681,7,7,4.0,6724,4.3612273916861765e-15,0.0,0.0007917020059874565,"{""1e-06"": 4.724306198285682, ""1e-08"": 0.054862837983031126, ""1e-10"": 0.0010508234409285057, ""1e-12"": 0.0007917020059874565, ""1e-14"": 0.009334387868550346}",0.1764912388367556,0.03519211925547657,200023,200031,direct,streaming_tsqr,1e-14,trig,0.3,LS(tsvd),0.00011552556137956544,0.00078535866448686,1.0322030987715708e-07,4.087461729341102e-06,0.49933587200939655,1029,1604,996205535281.2089,0.00010817600837160732,0.0007853693011749142,False,4578.878991278278,tsvd,1e-12,k,Kratio-4
plate,2,400,1604,1681,7,7,4.0,6724,3.3026245655347593e-15,0.0,0.0007998569658845786,"{""100.0"": 66.27299171156916, ""1000.0"": 28.290167812164306, ""10000.0"": 8.363537300614011, ""100000.0"": 0.0007998569658845786, ""1000000.0"": 0.0009916033117004658, ""inf"": 0.003103043471933564}",0.1764912388367556,0.03519211925547657,300023,300031,direct,streaming_tsqr,1e-14,trig,0.3,LS(ball),0.00013756184303880765,0.0007914511869091505,9.86625040212883e-08,7.308500004616599e-06,0.7788950399844907,1321,1604,99439519805489.8,0.00011738571218376175,0.0007914849306412729,True,2496.8808520452053,ball,100000.0,k,Kratio-4
plate,2,400,1604,1681,7,7,4.0,6724,3.3026245655347593e-15,0.0,0.0007700640647380567,"{""1e-05"": 22.876573201718358, ""1e-06"": 4.381422659493516, ""1e-08"": 0.04736539823125476, ""1e-10"": 0.0010284244276534441, ""1e-12"": 0.0007700640647380567, ""1e-14"": 0.0035692962516603055}",0.1764912388367556,0.03519211925547657,300023,300031,direct,streaming_tsqr,1e-14,trig,0.3,LS(ridge),0.00012841247419939983,0.0007624493830817303,9.73774324714399e-08,6.440180191063371e-06,0.4427917020220775,1031,1604,990379102106.7582,0.00011191094077710326,0.0007624765817273371,True,4806.6969801248,ridge,1e-12,k,Kratio-4
plate,2,400,1604,1681,7,7,4.0,6724,3.3026245655347593e-15,0.0,0.0007860851198052219,"{""1e-06"": 4.694051605964102, ""1e-08"": 0.03773865861454042, ""1e-10"": 0.0013156891235292267, ""1e-12"": 0.0007860851198052219, ""1e-14"": 0.003103043471933564}",0.1764912388367556,0.03519211925547657,300023,300031,direct,streaming_tsqr,1e-14,trig,0.3,LS(tsvd),0.00012609167882862048,0.0007789409509261763,9.772234243963337e-08,6.014490478478804e-06,0.4457483720034361,1031,1604,990379102106.7582,0.00011124863158092804,0.0007789641706301334,False,4575.989403153535,tsvd,1e-12,k,Kratio-4
plate,3,400,1604,1681,7,7,4.0,6724,4.1160487827292005e-15,0.0,0.0007891951667216802,"{""100.0"": 66.55228450757862, ""1000.0"": 28.33837534511064, ""10000.0"": 8.422170962596555, ""100000.0"": 0.0007891951667216802, ""1000000.0"": 0.0009290817495598323, ""inf"": 0.0020856537754224648}",0.1764912388367556,0.03519211925547657,400023,400031,direct,streaming_tsqr,1e-14,trig,0.3,LS(ball),0.00013146021197136195,0.0007812337016209412,4.899347299062118e-07,6.611186052841313e-06,0.7477627110201865,1318,1604,99179739544096.75,0.000116081684618646,0.0007812616746835743,True,2496.8808414083946,ball,100000.0,k,Kratio-4
plate,3,400,1604,1681,7,7,4.0,6724,4.1160487827292005e-15,0.0,0.0008134118931651398,"{""1e-05"": 23.164162762134268, ""1e-06"": 4.487827010544814, ""1e-08"": 0.054416906931675925, ""1e-10"": 0.0010860365719764713, ""1e-12"": 0.0008134118931651398, ""1e-14"": 0.002163611225314623}",0.1764912388367556,0.03519211925547657,400023,400031,direct,streaming_tsqr,1e-14,trig,0.3,LS(ridge),0.00012617060811644432,0.0008051902510840995,4.254310218581363e-07,5.17119906216018e-06,0.4112565180112142,1027,1604,991277755060.4956,0.00011826976071740372,0.0008052068564913091,True,4847.187007770467,ridge,1e-12,k,Kratio-4
plate,3,400,1604,1681,7,7,4.0,6724,4.1160487827292005e-15,0.0,0.000843290375982498,"{""1e-06"": 4.687822785214085, ""1e-08"": 0.04103136630289875, ""1e-10"": 0.0011062597732711657, ""1e-12"": 0.000843290375982498, ""1e-14"": 0.0020856537754224648}",0.1764912388367556,0.03519211925547657,400023,400031,direct,streaming_tsqr,1e-14,trig,0.3,LS(tsvd),0.0001272371702988828,0.0008351708349826719,4.2128366417044916e-07,5.131210908332547e-06,0.415264709998155,1027,1604,991277755060.4956,0.00011930726985504181,0.0008351865976720646,False,5321.566689547142,tsvd,1e-12,k,Kratio-4
plate,4,400,1604,1681,7,7,4.0,6724,3.693664835485968e-15,0.0,0.0007390657036583767,"{""100.0"": 66.33661835874771, ""1000.0"": 28.373085806543344, ""10000.0"": 8.4058605308987, ""100000.0"": 0.0007390657036583767, ""1000000.0"": 0.0014739346001235382, ""inf"": 0.004299764524369161}",0.1764912388367556,0.03519211925547657,500023,500031,direct,streaming_tsqr,1e-14,trig,0.3,LS(ball),0.00012403044321564,0.0007300983420522066,3.395944306830577e-07,5.014539948096038e-06,0.8063037579704542,1325,1604,97444345559850.55,0.00011508664588312251,0.0007301155625503897,True,2496.8808520147963,ball,100000.0,k,Kratio-4
plate,4,400,1604,1681,7,7,4.0,6724,3.693664835485968e-15,0.0,0.0007380391183164001,"{""1e-05"": 22.732603320748733, ""1e-06"": 4.370119443012593, ""1e-08"": 0.041725467617583785, ""1e-10"": 0.0009909281811355441, ""1e-12"": 0.0007380391183164001, ""1e-14"": 0.0037421953299032027}",0.1764912388367556,0.03519211925547657,500023,500031,direct,streaming_tsqr,1e-14,trig,0.3,LS(ridge),0.0001191438420496149,0.0007305239462833006,3.116768863083909e-07,4.1441515305328746e-06,0.43753497500438243,1032,1604,982309292482.0546,0.00011325592100107097,0.0007305357007602261,True,5353.485393925743,ridge,1e-12,k,Kratio-4
plate,4,400,1604,1681,7,7,4.0,6724,3.693664835485968e-15,0.0,0.000751731975840311,"{""1e-06"": 4.649745066987978, ""1e-08"": 0.03180861422023248, ""1e-10"": 0.0010122630872298536, ""1e-12"": 0.000751731975840311, ""1e-14"": 0.004299764524369161}",0.1764912388367556,0.03519211925547657,500023,500031,direct,streaming_tsqr,1e-14,trig,0.3,LS(tsvd),0.00012071419285063018,0.0007441487672567754,3.1311630923416993e-07,4.071931652637955e-06,0.4396703419915866,1032,1604,982309292482.0546,0.00011543456934069694,0.0007441599078404871,False,5749.8231724337365,tsvd,1e-12,k,Kratio-4
plate,5,400,1604,1681,7,7,4.0,6724,3.1660441349843803e-15,0.0,0.0008030472696505781,"{""100.0"": 66.54764471844916, ""1000.0"": 28.519693540208795, ""10000.0"": 8.442114365818213, ""100000.0"": 0.0008030472696505781, ""1000000.0"": 0.000993929100208366, ""inf"": 0.004098595556486636}",0.1764912388367556,0.03519211925547657,600023,600031,direct,streaming_tsqr,1e-14,trig,0.3,LS(ball),0.00014325974923754884,0.0007930108434342986,2.3354795543744542e-07,7.3414604824292665e-06,0.7835889410052914,1321,1604,99129798550504.73,0.00012606268912330876,0.0007930448252440669,True,2496.880847172918,ball,100000.0,k,Kratio-4
plate,5,400,1604,1681,7,7,4.0,6724,3.1660441349843803e-15,0.0,0.0008173899868625874,"{""1e-05"": 23.18369439742578, ""1e-06"": 4.368334898566682, ""1e-08"": 0.0492786107339297, ""1e-10"": 0.0010316711254853709, ""1e-12"": 0.0008173899868625874, ""1e-14"": 0.006653443488571822}",0.1764912388367556,0.03519211925547657,600023,600031,direct,streaming_tsqr,1e-14,trig,0.3,LS(ridge),0.0001351478891318408,0.0008080829943677746,2.1656766432035097e-07,5.792819334225299e-06,0.453335311030969,1029,1604,996856530412.7124,0.00012423497720377244,0.0008081037572875329,True,5011.825511782998,ridge,1e-12,k,Kratio-4
plate,5,400,1604,1681,7,7,4.0,6724,3.1660441349843803e-15,0.0,0.0008112506698096071,"{""1e-06"": 4.704849615460058, ""1e-08"": 0.03697152893797592, ""1e-10"": 0.0011111194054571165, ""1e-12"": 0.0008112506698096071, ""1e-14"": 0.004098595556486636}",0.1764912388367556,0.03519211925547657,600023,600031,direct,streaming_tsqr,1e-14,trig,0.3,LS(tsvd),0.00013419696271512268,0.0008018092581825606,2.0973841813788977e-07,5.5735368973546785e-06,0.45614245600881986,1029,1604,996856530412.7124,0.00012367749859417326,0.0008018286293347316,False,5466.68732117651,tsvd,1e-12,k,Kratio-4
plate,6,400,1604,1681,7,7,4.0,6724,3.2526980428754534e-15,0.0,0.0007814632118522425,"{""100.0"": 66.39671599145235, ""1000.0"": 28.416603178533446, ""10000.0"": 8.422746160337848, ""100000.0"": 0.0007814632118522425, ""1000000.0"": 0.0010384810731164124, ""inf"": 0.012410925288531936}",0.1764912388367556,0.03519211925547657,700023,700031,direct,streaming_tsqr,1e-14,trig,0.3,LS(ball),0.00012325576164133617,0.0007731175708420423,1.510499454007476e-07,5.070410186423863e-06,0.7630451980221551,1330,1604,99979276073477.33,0.00011292433809690017,0.0007731341975389258,True,2496.8808496601996,ball,100000.0,k,Kratio-4
plate,6,400,1604,1681,7,7,4.0,6724,3.2526980428754534e-15,0.0,0.0007811263664621055,"{""1e-05"": 23.141059733573062, ""1e-06"": 4.481740192589373, ""1e-08"": 0.04744938062908658, ""1e-10"": 0.0009983548795789326, ""1e-12"": 0.0007811263664621055, ""1e-14"": 0.009144685099925913}",0.1764912388367556,0.03519211925547657,700023,700031,direct,streaming_tsqr,1e-14,trig,0.3,LS(ridge),0.00011663508314023989,0.0007733080540701277,1.8178597071816584e-07,4.052110482441664e-06,0.41751900300732814,1032,1604,998925204874.3376,0.00011015340196511876,0.0007733186704645695,True,4561.212190444925,ridge,1e-12,k,Kratio-4
plate,6,400,1604,1681,7,7,4.0,6724,3.2526980428754534e-15,0.0,0.000806299740980772,"{""1e-06"": 4.685376904707657, ""1e-08"": 0.03633065919480493, ""1e-10"": 0.0010681753331848456, ""1e-12"": 0.000806299740980772, ""1e-14"": 0.012410925288531936}",0.1764912388367556,0.03519211925547657,700023,700031,direct,streaming_tsqr,1e-14,trig,0.3,LS(tsvd),0.00011847850816457472,0.0007984426532954041,1.8417862302657315e-07,4.1801487902443565e-06,0.42132880800636485,1032,1604,998925204874.3376,0.00011161628885430152,0.0007984535955491174,False,5177.562008750576,tsvd,1e-12,k,Kratio-4
plate,7,400,1604,1681,7,7,4.0,6724,4.216531520969758e-15,0.0,0.0007819344067002709,"{""100.0"": 66.33448998706953, ""1000.0"": 28.478123353150433, ""10000.0"": 8.418031529279608, ""100000.0"": 0.0007819344067002709, ""1000000.0"": 0.0009729507618470516, ""inf"": 0.0016710880807363697}",0.1764912388367556,0.03519211925547657,800023,800031,direct,streaming_tsqr,1e-14,trig,0.3,LS(ball),0.00012392998849557782,0.0007738414062333595,1.4731050873492457e-07,4.61622495297505e-06,0.8005983919720165,1333,1604,99803485575874.23,0.0001156962048650553,0.000773855174780165,True,2496.8808468952016,ball,100000.0,k,Kratio-4
plate,7,400,1604,1681,7,7,4.0,6724,4.216531520969758e-15,0.0,0.0007815421881981785,"{""1e-05"": 22.443383978878938, ""1e-06"": 4.427547704973241, ""1e-08"": 0.04411202246152226, ""1e-10"": 0.0009616087188519432, ""1e-12"": 0.0007815421881981785, ""1e-14"": 0.0014560638832082256}",0.1764912388367556,0.03519211925547657,800023,800031,direct,streaming_tsqr,1e-14,trig,0.3,LS(ridge),0.00011604609197138402,0.0007745843459939493,1.51410216346405e-07,3.4671487110294408e-06,0.45682966298772953,1038,1604,982774242594.8436,0.00011206554149995187,0.0007745921056782457,True,5282.012596057332,ridge,1e-12,k,Kratio-4
plate,7,400,1604,1681,7,7,4.0,6724,4.216531520969758e-15,0.0,0.0007958645725324091,"{""1e-06"": 4.6795321628181785, ""1e-08"": 0.03299637523608517, ""1e-10"": 0.0010291092524365073, ""1e-12"": 0.0007958645725324091, ""1e-14"": 0.0016710880807363697}",0.1764912388367556,0.03519211925547657,800023,800031,direct,streaming_tsqr,1e-14,trig,0.3,LS(tsvd),0.00011807895202329446,0.0007890298489744317,1.6232677066918285e-07,3.646145127744644e-06,0.4592268709966447,1038,1604,982774242594.8436,0.00011358098370211753,0.0007890382734360273,False,4906.139709302873,tsvd,1e-12,k,Kratio-4
plate,8,400,1604,1681,7,7,4.0,6724,3.3966644180198947e-15,0.0,0.0009417783853207206,"{""100.0"": 66.24427521930912, ""1000.0"": 28.40273576636381, ""10000.0"": 8.403436413592466, ""100000.0"": 0.0009417783853207206, ""1000000.0"": 0.00110626051000751, ""inf"": 0.005737412569501421}",0.1764912388367556,0.03519211925547657,900023,900031,direct,streaming_tsqr,1e-14,trig,0.3,LS(ball),0.00013687425632627305,0.0009346818550369178,1.7438804194750675e-07,5.65435205748958e-06,0.8356648930057418,1320,1604,99979381640668.77,0.00011838364078493734,0.000934698957864212,True,2496.880851101344,ball,100000.0,k,Kratio-4
plate,8,400,1604,1681,7,7,4.0,6724,3.3966644180198947e-15,0.0,0.0009285079252391757,"{""1e-05"": 23.492631708531555, ""1e-06"": 4.4302372442700415, ""1e-08"": 0.05003769863726373, ""1e-10"": 0.0010721416312410989, ""1e-12"": 0.0009285079252391757, ""1e-14"": 0.003991775747607655}",0.1764912388367556,0.03519211925547657,900023,900031,direct,streaming_tsqr,1e-14,trig,0.3,LS(ridge),0.00012373620443241842,0.000922183868302672,1.648839142414336e-07,4.053105714612028e-06,0.4988050810061395,1030,1604,987044248282.4554,0.00011529980992618746,0.0009221927751959531,True,4713.120698225262,ridge,1e-12,k,Kratio-4
plate,8,400,1604,1681,7,7,4.0,6724,3.3966644180198947e-15,0.0,0.0009029408539109073,"{""1e-06"": 4.7450650048260465, ""1e-08"": 0.031931976261038136, ""1e-10"": 0.0011579650778977813, ""1e-12"": 0.0009029408539109073, ""1e-14"": 0.005737412569501421}",0.1764912388367556,0.03519211925547657,900023,900031,direct,streaming_tsqr,1e-14,trig,0.3,LS(tsvd),0.00012216643275037841,0.0008966111361538365,1.6810381295077806e-07,3.989900921064685e-06,0.5013433040003292,1030,1604,987044248282.4554,0.00011466592883970704,0.0008966200135979754,False,4664.1572524113735,tsvd,1e-12,k,Kratio-4
plate,9,400,1604,1681,7,7,4.0,6724,3.1051466632829198e-15,0.0,0.0007480205491454631,"{""100.0"": 66.3473609147734, ""1000.0"": 28.608752543509905, ""10000.0"": 8.404166258924155, ""100000.0"": 0.0007480205491454631, ""1000000.0"": 0.0009575591546055442, ""inf"": 0.0031688711371381986}",0.1764912388367556,0.03519211925547657,1000023,1000031,direct,streaming_tsqr,1e-14,trig,0.3,LS(ball),0.00012357447287951917,0.000739323687889046,2.2889223648975632e-07,4.752527309453858e-06,0.7782050890091341,1330,1604,98032296900588.03,0.00011386457645888012,0.0007393389628510637,True,2496.8808459248803,ball,100000.0,k,Kratio-4
plate,9,400,1604,1681,7,7,4.0,6724,3.1051466632829198e-15,0.0,0.0007439450533440624,"{""1e-05"": 22.77324511689367, ""1e-06"": 4.399001698587739, ""1e-08"": 0.04340705810624781, ""1e-10"": 0.0009567789499690448, ""1e-12"": 0.0007439450533440624, ""1e-14"": 0.0028323094238365378}",0.1764912388367556,0.03519211925547657,1000023,1000031,direct,streaming_tsqr,1e-14,trig,0.3,LS(ridge),0.00010986778102004329,0.0007366903484944587,2.2931850836875135e-07,3.147258561110947e-06,0.4384940710151568,1038,1604,985124511202.3076,0.00010667383445031336,0.0007366970712588299,True,5260.052817551999,ridge,1e-12,k,Kratio-4
plate,9,400,1604,1681,7,7,4.0,6724,3.1051466632829198e-15,0.0,0.0007540481344873707,"{""1e-06"": 4.736111476784174, ""1e-08"": 0.03413418107209641, ""1e-10"": 0.0010288126517296985, ""1e-12"": 0.0007540481344873707, ""1e-14"": 0.0031688711371381986}",0.1764912388367556,0.03519211925547657,1000023,1000031,direct,streaming_tsqr,1e-14,trig,0.3,LS(tsvd),0.0001105405707352231,0.0007467804188717095,2.163361856145852e-07,3.188931086989459e-06,0.44119369503459893,1038,1604,985124511202.3076,0.00010731213235732184,0.0007467872275900837,False,5163.065078361203,tsvd,1e-12,k,Kratio-4
