model,run,N,Q,K,activation_power,ritz_degree,ritz_ratio,projection_samples,projection_gram_residual,boundary_residual,validation_score,hyperparameter_scores,parameter_covering_radius,parameter_separation,projection_seed,training_seed,system_backend,direct_solver,direct_rcond,manufactured_solution,nu,name,u_l2_error,sigma_l2_error,wall_time,rank,columns,condition_estimate,u_h1_error,sigma_hdiv_error,constitutive_residual,equilibrium_residual,coefficient_ball_active,trace_residual,continuous_trace_mean,sigma_deviatoric_l2_error,sigma_hydrostatic_l2_error,u_h1_exact_norm,sigma_hdiv_exact_norm,relative_u_h1_error,relative_sigma_hdiv_error,coefficient_norm,algorithm,hyperparameter,study,configuration
elasticity-2d,0,400,1604,441,7,7,1.0,12808,2.728567375439961e-15,0.0,1.5305354462396174e-07,"{""100.0"": 1.8536449646410762, ""1000.0"": 0.0004212212776663216, ""10000.0"": 1.5305354462396174e-07, ""100000.0"": 1.7336034170121925e-07, ""1000000.0"": 1.7336034170121925e-07, ""inf"": 1.7336034170121925e-07}",0.1764912388367556,0.03519211925547657,100023,100031,direct,streaming_tsqr,1e-14,hu_zhang,0.3333333333333333,LS(ball),6.765802748233334e-10,2.1018747889625704e-08,1.2488399950088933,1627,2004,99750664828993.08,3.256843304369183e-08,1.4965804868797444e-07,3.0591297349089804e-08,1.481747069315289e-07,True,2.1316282072803006e-14,-4.736662451154672e-15,1.4471287270983703e-08,1.5243674346046297e-08,2.2836308025822403,15.004035497307717,1.426168932686699e-08,9.974519769353297e-09,223.38624422246497,ball,10000.0,k,Kratio-1
elasticity-2d,0,400,1604,441,7,7,1.0,12808,2.728567375439961e-15,0.0,1.5746386186773714e-07,"{""1e-05"": 0.1494612069829826, ""1e-06"": 0.011156598456160167, ""1e-08"": 0.0001602875071911211, ""1e-10"": 3.943161872614802e-06, ""1e-12"": 1.5746386186773714e-07, ""1e-14"": 1.7097625904901554e-07}",0.1764912388367556,0.03519211925547657,100023,100031,direct,streaming_tsqr,1e-14,hu_zhang,0.3333333333333333,LS(ridge),6.720370659924271e-10,4.252929873308998e-08,0.608278664003592,1276,2004,994196178795.1133,3.198006333317239e-08,1.5418308386005638e-07,4.1681486008306624e-08,1.4820149155075588e-07,True,0.0,-5.290906601729262e-16,3.142655816005013e-08,2.865506400169778e-08,2.2836308025822403,15.004035497307717,1.4004042727489307e-08,1.0276107643688431e-08,39.11203783263414,ridge,1e-12,k,Kratio-1
elasticity-2d,0,400,1604,441,7,7,1.0,12808,2.728567375439961e-15,0.0,1.6436808429776773e-07,"{""1e-06"": 0.011855770886415257, ""1e-08"": 0.00016874046551578097, ""1e-10"": 3.6601057684824916e-06, ""1e-12"": 1.6436808429776773e-07, ""1e-14"": 1.7336034170121925e-07}",0.1764912388367556,0.03519211925547657,100023,100031,direct,streaming_tsqr,1e-14,hu_zhang,0.3333333333333333,LS(tsvd),7.364129669678605e-10,3.328729212932099e-08,0.6142236110172234,1276,2004,994196178795.1133,3.648176171791367e-08,1.6029120855885214e-07,3.9409991378323025e-08,1.5679677204571108e-07,False,1.4210854715202004e-14,-1.0277369233424594e-14,2.493633138199537e-08,2.2050469258273577e-08,2.2836308025822403,15.004035497307717,1.597533264863196e-08,1.0683206433870032e-08,41.049745117964896,tsvd,1e-12,k,Kratio-1
elasticity-2d,1,400,1604,441,7,7,1.0,12808,2.7994747625360182e-15,0.0,1.889421423661409e-07,"{""100.0"": 1.856511063317882, ""1000.0"": 0.00044521825467654043, ""10000.0"": 1.889421423661409e-07, ""100000.0"": 2.1147203988252525e-07, ""1000000.0"": 2.1147203988252525e-07, ""inf"": 2.1147203988252525e-07}",0.1764912388367556,0.03519211925547657,200023,200031,direct,streaming_tsqr,1e-14,hu_zhang,0.3333333333333333,LS(ball),6.34567487505302e-10,1.4902629328487915e-08,1.2327619639982004,1624,2004,98125135648708.22,3.156650131999068e-08,1.862834549747902e-07,2.99048845708681e-08,1.856863948609116e-07,True,3.197442310920451e-14,1.747733902046633e-14,1.1935281613782696e-08,8.92397970089628e-09,2.2836308025822403,15.004035497307717,1.3822944271156493e-08,1.241555680191615e-08,223.39407226355985,ball,10000.0,k,Kratio-1
elasticity-2d,1,400,1604,441,7,7,1.0,12808,2.7994747625360182e-15,0.0,1.878787972879621e-07,"{""1e-05"": 0.16207637267234887, ""1e-06"": 0.011567271946238154, ""1e-08"": 0.00019064385856618787, ""1e-10"": 4.495613825526218e-06, ""1e-12"": 1.878787972879621e-07, ""1e-14"": 1.9547632861325037e-07}",0.1764912388367556,0.03519211925547657,200023,200031,direct,streaming_tsqr,1e-14,hu_zhang,0.3333333333333333,LS(ridge),5.734156156180861e-10,4.2123743379755835e-08,0.6183174590114504,1273,2004,999147665510.3097,2.866750948399327e-08,1.857374148913757e-07,4.2869704189083526e-08,1.8089769908489025e-07,True,7.105427357601002e-15,-3.241330814862664e-15,3.2930923187857876e-08,2.6267166849870358e-08,2.2836308025822403,15.004035497307717,1.2553478194276051e-08,1.237916392058016e-08,39.29272476946865,ridge,1e-12,k,Kratio-1
elasticity-2d,1,400,1604,441,7,7,1.0,12808,2.7994747625360182e-15,0.0,1.9360236923358186e-07,"{""1e-06"": 0.012097280760855552, ""1e-08"": 0.00020714147768020668, ""1e-10"": 4.192975752683111e-06, ""1e-12"": 1.9360236923358186e-07, ""1e-14"": 2.1147203988252525e-07}",0.1764912388367556,0.03519211925547657,200023,200031,direct,streaming_tsqr,1e-14,hu_zhang,0.3333333333333333,LS(tsvd),7.44763545711281e-10,3.6131467519819045e-08,0.6240721690119244,1273,2004,999147665510.3097,3.864570393180091e-08,1.8972526477098566e-07,4.478187751508986e-08,1.8625303526999198e-07,False,0.0,-8.506216564452274e-15,2.995187959790415e-08,2.0208113560854506e-08,2.2836308025822403,15.004035497307717,1.692292111671548e-08,1.26449490742027e-08,41.312990792978745,tsvd,1e-12,k,Kratio-1
elasticity-2d,2,400,1604,441,7,7,1.0,12808,2.7006113077902895e-15,0.0,1.8648784317307182e-07,"{""100.0"": 1.8503076055715932, ""1000.0"": 0.00041590760765183144, ""10000.0"": 1.8648784317307182e-07, ""100000.0"": 1.8682032609325281e-07, ""1000000.0"": 1.8682032609325281e-07, ""inf"": 1.8682032609325281e-07}",0.1764912388367556,0.03519211925547657,300023,300031,direct,streaming_tsqr,1e-14,hu_zhang,0.3333333333333333,LS(ball),7.101434118601159e-10,1.8034842303041024e-08,1.2413767779944465,1618,2004,99408906674931.25,3.411551329068808e-08,1.8336253823778456e-07,3.191246913043329e-08,1.824734635285565e-07,True,3.197442310920451e-14,-2.4185514702068645e-14,1.3582763878810535e-08,1.1864403158525833e-08,2.2836308025822403,15.004035497307717,1.4939154460568492e-08,1.2220881393588187e-08,223.3574776880442,ball,10000.0,k,Kratio-1
elasticity-2d,2,400,1604,441,7,7,1.0,12808,2.7006113077902895e-15,0.0,1.841886868908431e-07,"{""1e-05"": 0.1559822738144128, ""1e-06"": 0.011428014667605317, ""1e-08"": 0.00016052419942909482, ""1e-10"": 2.5995287871090654e-06, ""1e-12"": 1.84452832017959e-07, ""1e-14"": 1.841886868908431e-07}",0.1764912388367556,0.03519211925547657,300023,300031,direct,streaming_tsqr,1e-14,hu_zhang,0.3333333333333333,LS(ridge),6.413166439328224e-10,1.7360459392199265e-08,0.6276031209854409,1618,2004,99408906674931.25,3.3160510679079057e-08,1.8088468951677984e-07,3.13189622219984e-08,1.8004967467694474e-07,True,0.0,-2.6595912971938418e-14,1.3048055918697218e-08,1.1451366165255139e-08,2.2836308025822403,15.004035497307717,1.4520959623413053e-08,1.2055735908465245e-08,460.36938828818677,ridge,1e-14,k,Kratio-1
elasticity-2d,2,400,1604,441,7,7,1.0,12808,2.7006113077902895e-15,0.0,1.8682032609325281e-07,"{""1e-06"": 0.012376078054608431, ""1e-08"": 0.00020057135542197148, ""1e-10"": 2.2300689561997868e-06, ""1e-12"": 1.8714324534531163e-07, ""1e-14"": 1.8682032609325281e-07}",0.1764912388367556,0.03519211925547657,300023,300031,direct,streaming_tsqr,1e-14,hu_zhang,0.3333333333333333,LS(tsvd),6.546958075741114e-10,2.0960347473785916e-08,0.6337681389995851,1618,2004,99408906674931.25,3.4300905487561975e-08,1.8331068553124907e-07,3.344223375503987e-08,1.821084052527907e-07,False,2.842170943040401e-14,1.263225635206311e-14,1.6110339384427725e-08,1.3408696101426136e-08,2.2836308025822403,15.004035497307717,1.5020337547021987e-08,1.2217425476242165e-08,425.7947903721447,tsvd,1e-14,k,Kratio-1
elasticity-2d,3,400,1604,441,7,7,1.0,12808,2.4580884361078056e-15,0.0,2.0130364082781444e-07,"{""100.0"": 1.8630656979818, ""1000.0"": 0.00041225600703705627, ""10000.0"": 2.0130364082781444e-07, ""100000.0"": 2.3346596958695053e-07, ""1000000.0"": 2.3346596958695053e-07, ""inf"": 2.3346596958695053e-07}",0.1764912388367556,0.03519211925547657,400023,400031,direct,streaming_tsqr,1e-14,hu_zhang,0.3333333333333333,LS(ball),9.196587382401832e-10,4.3417045296171173e-08,1.2180199320137035,1614,2004,99568063008550.58,5.805931663484468e-08,1.925869684909452e-07,6.165487341793882e-08,1.876291571432397e-07,True,8.171241461241152e-14,1.8541591872978103e-14,3.481551946143323e-08,2.5940690562904127e-08,2.2836308025822403,15.004035497307717,2.5424125725223832e-08,1.2835678009792932e-08,223.3859461692968,ball,10000.0,k,Kratio-1
elasticity-2d,3,400,1604,441,7,7,1.0,12808,2.4580884361078056e-15,0.0,1.7597850816682902e-07,"{""1e-05"": 0.15727892272723842, ""1e-06"": 0.011882903918597133, ""1e-08"": 0.000161439642672487, ""1e-10"": 2.409294905444792e-06, ""1e-12"": 1.7597850816682902e-07, ""1e-14"": 2.1727157731595892e-07}",0.1764912388367556,0.03519211925547657,400023,400031,direct,streaming_tsqr,1e-14,hu_zhang,0.3333333333333333,LS(ridge),6.366815671818015e-10,4.165465819990244e-08,0.5949479310074821,1263,2004,996958207155.1179,4.916638313359393e-08,1.689803112958073e-07,5.360527283545303e-08,1.6376579330213388e-07,True,2.842170943040401e-14,2.056514680770505e-15,2.9577100044403065e-08,2.933096832213474e-08,2.2836308025822403,15.004035497307717,2.1529917654814654e-08,1.1262324147802014e-08,39.429918467586184,ridge,1e-12,k,Kratio-1
elasticity-2d,3,400,1604,441,7,7,1.0,12808,2.4580884361078056e-15,0.0,1.8721516718548666e-07,"{""1e-06"": 0.012349201223930906, ""1e-08"": 0.0002018047857852883, ""1e-10"": 1.9207069046410453e-06, ""1e-12"": 1.8721516718548666e-07, ""1e-14"": 2.3346596958695053e-07}",0.1764912388367556,0.03519211925547657,400023,400031,direct,streaming_tsqr,1e-14,hu_zhang,0.3333333333333333,LS(tsvd),7.757891890668579e-10,5.255064597843273e-08,0.5998154730186798,1263,2004,996958207155.1179,5.508650108565786e-08,1.7893000615139988e-07,6.12220450588368e-08,1.7103910871081337e-07,False,3.552713678800501e-15,1.0375381109817283e-14,3.592990513296768e-08,3.834856333536514e-08,2.2836308025822403,15.004035497307717,2.4122332306679435e-08,1.1925458732985976e-08,41.13088449136655,tsvd,1e-12,k,Kratio-1
elasticity-2d,4,400,1604,441,7,7,1.0,12808,4.016096632410982e-15,0.0,1.4651660133714357e-07,"{""100.0"": 1.8572401409665809, ""1000.0"": 0.0004116374923758794, ""10000.0"": 1.4651660133714357e-07, ""100000.0"": 1.6054693664642486e-07, ""1000000.0"": 1.6054693664642486e-07, ""inf"": 1.6054693664642486e-07}",0.1764912388367556,0.03519211925547657,500023,500031,direct,streaming_tsqr,1e-14,hu_zhang,0.3333333333333333,LS(ball),5.946165548608851e-10,1.7604332518870946e-08,1.204296128009446,1631,2004,96553981082327.67,2.9354736669203997e-08,1.4369934853028626e-07,2.6876773842848165e-08,1.4261693533586293e-07,True,3.552713678800501e-15,-3.6447407592010705e-14,1.2112073735982596e-08,1.2775374485669594e-08,2.2836308025822403,15.004035497307717,1.2854414398339175e-08,9.577379935955982e-09,223.3817726805768,ball,10000.0,k,Kratio-1
elasticity-2d,4,400,1604,441,7,7,1.0,12808,4.016096632410982e-15,0.0,1.4601975599117574e-07,"{""1e-05"": 0.149287985919536, ""1e-06"": 0.01098530151055699, ""1e-08"": 0.00014952831793070442, ""1e-10"": 2.3278897597288172e-06, ""1e-12"": 1.4601975599117574e-07, ""1e-14"": 1.5274902490369246e-07}",0.1764912388367556,0.03519211925547657,500023,500031,direct,streaming_tsqr,1e-14,hu_zhang,0.3333333333333333,LS(ridge),5.266095377788039e-10,2.3173892193322275e-08,0.6027059390034992,1280,2004,997769732176.37,2.772439777843517e-08,1.4342028690733402e-07,2.9606257445994375e-08,1.4153568248747126e-07,True,0.0,-1.3667018905483275e-14,1.7107731320533097e-08,1.5631852367911295e-08,2.2836308025822403,15.004035497307717,1.2140490374838836e-08,9.558780831534887e-09,39.73101905593481,ridge,1e-12,k,Kratio-1
elasticity-2d,4,400,1604,441,7,7,1.0,12808,4.016096632410982e-15,0.0,1.5200381541043575e-07,"{""1e-06"": 0.011714967187894176, ""1e-08"": 0.00019088846237316006, ""1e-10"": 1.982379927341534e-06, ""1e-12"": 1.5200381541043575e-07, ""1e-14"": 1.6054693664642486e-07}",0.1764912388367556,0.03519211925547657,500023,500031,direct,streaming_tsqr,1e-14,hu_zhang,0.3333333333333333,LS(tsvd),6.706007756921917e-10,2.5367763844541688e-08,0.6082425130298361,1280,2004,997769732176.37,3.250688644301023e-08,1.4854049972308277e-07,3.1604295599984275e-08,1.463583158399642e-07,False,2.1316282072803006e-14,-4.4070649907190784e-15,1.7426763358446518e-08,1.8434515489188814e-08,2.2836308025822403,15.004035497307717,1.4234738122402584e-08,9.90003654348435e-09,41.27291626452347,tsvd,1e-12,k,Kratio-1
elasticity-2d,5,400,1604,441,7,7,1.0,12808,2.3515081035131603e-15,0.0,1.9871820286091527e-07,"{""100.0"": 1.856395857361015, ""1000.0"": 0.00042063858716542124, ""10000.0"": 1.9871820286091527e-07, ""100000.0"": 2.1212008880524682e-07, ""1000000.0"": 2.1212008880524682e-07, ""inf"": 2.1212008880524682e-07}",0.1764912388367556,0.03519211925547657,600023,600031,direct,streaming_tsqr,1e-14,hu_zhang,0.3333333333333333,LS(ball),5.376184775611628e-10,3.540585474964243e-08,1.3207533119712025,1620,2004,99902171377447.27,3.175199610459595e-08,1.9616910764114272e-07,3.543339916343637e-08,1.929475168074714e-07,True,1.4210854715202004e-14,-1.9761969838327786e-14,2.36146156537696e-08,2.6380380552173943e-08,2.2836308025822403,15.004035497307717,1.3904172280690921e-08,1.3074423056139982e-08,223.35528997902745,ball,10000.0,k,Kratio-1
elasticity-2d,5,400,1604,441,7,7,1.0,12808,2.3515081035131603e-15,0.0,1.7339390165137766e-07,"{""1e-05"": 0.15794754561953447, ""1e-06"": 0.01153870384077614, ""1e-08"": 0.00016188866676276295, ""1e-10"": 2.6822459983316194e-06, ""1e-12"": 1.7339390165137766e-07, ""1e-14"": 2.092264164336731e-07}",0.1764912388367556,0.03519211925547657,600023,600031,direct,streaming_tsqr,1e-14,hu_zhang,0.3333333333333333,LS(ridge),6.113588541016529e-10,3.826119414392604e-08,0.6871231159893796,1274,2004,993812832459.2665,3.266751259570575e-08,1.7034456532520964e-07,3.8809486986034326e-08,1.6599202377980519e-07,True,7.105427357601002e-15,-9.908740494779522e-15,2.7238128271070045e-08,2.6870119940334e-08,2.2836308025822403,15.004035497307717,1.4305076179024477e-08,1.1353249954372328e-08,39.759699619403904,ridge,1e-12,k,Kratio-1
elasticity-2d,5,400,1604,441,7,7,1.0,12808,2.3515081035131603e-15,0.0,1.8015426010480453e-07,"{""1e-06"": 0.011934443575931208, ""1e-08"": 0.00019591762708779395, ""1e-10"": 2.5304945128833996e-06, ""1e-12"": 1.8015426010480453e-07, ""1e-14"": 2.1212008880524682e-07}",0.1764912388367556,0.03519211925547657,600023,600031,direct,streaming_tsqr,1e-14,hu_zhang,0.3333333333333333,LS(tsvd),8.220708910793569e-10,4.4541569181561e-08,0.6918876389972866,1274,2004,993812832459.2665,4.6478702515082925e-08,1.7412954884852893e-07,4.8214782123553065e-08,1.6833641435244022e-07,False,2.842170943040401e-14,-6.102757188486407e-15,3.123473318921145e-08,3.1754414303440653e-08,2.2836308025822403,15.004035497307717,2.0352984581626167e-08,1.1605514321781914e-08,41.28473571847826,tsvd,1e-12,k,Kratio-1
elasticity-2d,6,400,1604,441,7,7,1.0,12808,2.5034266635774905e-15,0.0,1.7355316467078173e-07,"{""100.0"": 1.8535341285203744, ""1000.0"": 0.00041035452914171193, ""10000.0"": 1.7355316467078173e-07, ""100000.0"": 1.8935458657751161e-07, ""1000000.0"": 1.8935458657751161e-07, ""inf"": 1.8935458657751161e-07}",0.1764912388367556,0.03519211925547657,700023,700031,direct,streaming_tsqr,1e-14,hu_zhang,0.3333333333333333,LS(ball),6.601604193690142e-10,1.6469520256238892e-08,1.2646171230298933,1622,2004,95434516021712.08,3.2545086722407526e-08,1.7029369724031615e-07,2.968922800731685e-08,1.6949542242286602e-07,True,8.526512829121202e-14,-3.777100160418101e-14,1.2120971473809886e-08,1.1150208428623661e-08,2.2836308025822403,15.004035497307717,1.4251465992491788e-08,1.1349859660814132e-08,223.41460421642594,ball,10000.0,k,Kratio-1
elasticity-2d,6,400,1604,441,7,7,1.0,12808,2.5034266635774905e-15,0.0,1.661510050598916e-07,"{""1e-05"": 0.1561568270367962, ""1e-06"": 0.011190469324939, ""1e-08"": 0.00015359840299975075, ""1e-10"": 2.641808264154686e-06, ""1e-12"": 1.661510050598916e-07, ""1e-14"": 1.9486560698805532e-07}",0.1764912388367556,0.03519211925547657,700023,700031,direct,streaming_tsqr,1e-14,hu_zhang,0.3333333333333333,LS(ridge),6.313756848650249e-10,2.3728744206042447e-08,0.6391623660165351,1270,2004,998486362246.2089,3.12017706731763e-08,1.6317973710255733e-07,3.0771983985712434e-08,1.614452640967332e-07,True,1.4210854715202004e-14,-1.4847498230885492e-14,1.6505229195799327e-08,1.704789461458295e-08,2.2836308025822403,15.004035497307717,1.3663229028919457e-08,1.0875723210054912e-08,38.770467411564496,ridge,1e-12,k,Kratio-1
elasticity-2d,6,400,1604,441,7,7,1.0,12808,2.5034266635774905e-15,0.0,1.6915174758864768e-07,"{""1e-06"": 0.011821232274952393, ""1e-08"": 0.00018769148208276732, ""1e-10"": 2.2926311065025064e-06, ""1e-12"": 1.6915174758864768e-07, ""1e-14"": 1.8935458657751161e-07}",0.1764912388367556,0.03519211925547657,700023,700031,direct,streaming_tsqr,1e-14,hu_zhang,0.3333333333333333,LS(tsvd),7.003138715600673e-10,3.188436624197119e-08,0.6458129120292142,1270,2004,998486362246.2089,3.527845687092491e-08,1.654561194549428e-07,3.5677175116552755e-08,1.6235490338895265e-07,False,0.0,7.641456911677835e-16,2.0895337812503644e-08,2.4083140749360483e-08,2.2836308025822403,15.004035497307717,1.544840647228677e-08,1.102744121637354e-08,40.18870176080217,tsvd,1e-12,k,Kratio-1
elasticity-2d,7,400,1604,441,7,7,1.0,12808,3.0930838174933336e-15,0.0,1.4982406122820604e-07,"{""100.0"": 1.8644939738479638, ""1000.0"": 0.00040715093829546243, ""10000.0"": 1.4982406122820604e-07, ""100000.0"": 1.996235848115229e-07, ""1000000.0"": 1.996235848115229e-07, ""inf"": 1.996235848115229e-07}",0.1764912388367556,0.03519211925547657,800023,800031,direct,streaming_tsqr,1e-14,hu_zhang,0.3333333333333333,LS(ball),5.862978714503546e-10,1.1861932519402657e-08,1.3386231999611482,1639,2004,98780215246924.67,2.5636461186032807e-08,1.4763139051291423e-07,2.2925464094408387e-08,1.4715407579024686e-07,True,7.105427357601002e-15,-5.464378949326942e-15,8.988229750387703e-09,7.74061813094456e-09,2.2836308025822403,15.004035497307717,1.1226184704219308e-08,9.839445563788808e-09,223.34967269599434,ball,10000.0,k,Kratio-1
elasticity-2d,7,400,1604,441,7,7,1.0,12808,3.0930838174933336e-15,0.0,1.4545139119791964e-07,"{""1e-05"": 0.14269944433966048, ""1e-06"": 0.011159038084392208, ""1e-08"": 0.00013978204760369488, ""1e-10"": 1.6168535689271602e-06, ""1e-12"": 1.4545139119791964e-07, ""1e-14"": 1.8416842419331972e-07}",0.1764912388367556,0.03519211925547657,800023,800031,direct,streaming_tsqr,1e-14,hu_zhang,0.3333333333333333,LS(ridge),5.806196770054486e-10,1.6959707605490683e-08,0.6458212929719593,1274,2004,997316606903.2284,2.6511334753451754e-08,1.4302931715947988e-07,2.570120454636116e-08,1.4202025871347844e-07,True,2.1316282072803006e-14,3.68888947166468e-15,1.2631918959907882e-08,1.1316638434361076e-08,2.2836308025822403,15.004035497307717,1.1609291100590241e-08,9.532723192046878e-09,39.5062117766441,ridge,1e-12,k,Kratio-1
elasticity-2d,7,400,1604,441,7,7,1.0,12808,3.0930838174933336e-15,0.0,1.5541441126894863e-07,"{""1e-06"": 0.011943297158108579, ""1e-08"": 0.0001620178627138119, ""1e-10"": 1.4996980143956233e-06, ""1e-12"": 1.5541441126894863e-07, ""1e-14"": 1.996235848115229e-07}",0.1764912388367556,0.03519211925547657,800023,800031,direct,streaming_tsqr,1e-14,hu_zhang,0.3333333333333333,LS(tsvd),7.069592450731374e-10,2.222889971536232e-08,0.6517876609868836,1274,2004,997316606903.2284,3.1440688478564976e-08,1.5218311905503794e-07,3.002981110017878e-08,1.5055091412131716e-07,False,2.1316282072803006e-14,-2.3806477622567712e-14,1.5924749375683833e-08,1.550891162774784e-08,2.2836308025822403,15.004035497307717,1.3767850934140963e-08,1.0142812517495394e-08,41.512442438086715,tsvd,1e-12,k,Kratio-1
elasticity-2d,8,400,1604,441,7,7,1.0,12808,2.911721240557393e-15,0.0,2.4924536410011e-07,"{""100.0"": 1.8581705092900698, ""1000.0"": 0.000437588420275822, ""10000.0"": 2.4924536410011e-07, ""100000.0"": 2.953188300481865e-07, ""1000000.0"": 2.953188300481865e-07, ""inf"": 2.953188300481865e-07}",0.1764912388367556,0.03519211925547657,900023,900031,direct,streaming_tsqr,1e-14,hu_zhang,0.3333333333333333,LS(ball),8.417675599088525e-10,5.061893742733514e-08,1.2107926759927068,1615,2004,99757104847726.19,4.7517433459423104e-08,2.4468303171203424e-07,5.8628171052145405e-08,2.39389868585786e-07,True,3.552713678800501e-14,-4.716886603528536e-14,3.702743244041837e-08,3.4514432823714824e-08,2.2836308025822403,15.004035497307717,2.0807843984978767e-08,1.6307814771295327e-08,223.4001875377118,ball,10000.0,k,Kratio-1
elasticity-2d,8,400,1604,441,7,7,1.0,12808,2.911721240557393e-15,0.0,2.3350190914169867e-07,"{""1e-05"": 0.1626387623844178, ""1e-06"": 0.01216996723243377, ""1e-08"": 0.00018051115869408493, ""1e-10"": 3.414073810852341e-06, ""1e-12"": 2.3350190914169867e-07, ""1e-14"": 3.1840720890417007e-07}",0.1764912388367556,0.03519211925547657,900023,900031,direct,streaming_tsqr,1e-14,hu_zhang,0.3333333333333333,LS(ridge),6.990138415799661e-10,3.0155642088294166e-08,0.5992124059703201,1268,2004,996388285289.5441,3.7282786367289376e-08,2.3054093331634094e-07,4.0039921304304876e-08,2.2856018722562392e-07,True,2.4868995751603507e-14,-2.6837906896837183e-14,2.3826388303907122e-08,1.848420866980072e-08,2.2836308025822403,15.004035497307717,1.632610066615473e-08,1.536526178958378e-08,39.01584866193594,ridge,1e-12,k,Kratio-1
elasticity-2d,8,400,1604,441,7,7,1.0,12808,2.911721240557393e-15,0.0,2.491009006503178e-07,"{""1e-06"": 0.012499918348275742, ""1e-08"": 0.00020746388385658204, ""1e-10"": 2.777726893286542e-06, ""1e-12"": 2.491009006503178e-07, ""1e-14"": 2.953188300481865e-07}",0.1764912388367556,0.03519211925547657,900023,900031,direct,streaming_tsqr,1e-14,hu_zhang,0.3333333333333333,LS(tsvd),1.3326571476783234e-09,6.304074790641582e-08,0.6044435069779865,1268,2004,996388285289.5441,5.6591954956584615e-08,2.426338548223459e-07,5.88787019225782e-08,2.3430119848039824e-07,False,1.0658141036401503e-14,-7.006548119470324e-15,4.093701522196214e-08,4.794055361921794e-08,2.2836308025822403,15.004035497307717,2.4781569285452206e-08,1.6171239721865724e-08,41.0501841105556,tsvd,1e-12,k,Kratio-1
elasticity-2d,9,400,1604,441,7,7,1.0,12808,3.3295716011352473e-15,0.0,1.5216229671055804e-07,"{""100.0"": 1.8636010806184982, ""1000.0"": 0.00041723498717890486, ""10000.0"": 1.5216229671055804e-07, ""100000.0"": 1.5550965193918418e-07, ""1000000.0"": 1.5550965193918418e-07, ""inf"": 1.5550965193918418e-07}",0.1764912388367556,0.03519211925547657,1000023,1000031,direct,streaming_tsqr,1e-14,hu_zhang,0.3333333333333333,LS(ball),6.547644902251235e-10,1.678305117465042e-08,1.2629061029583681,1631,2004,96237394892147.31,2.8927495821521483e-08,1.4941663301030742e-07,2.7029886220170903e-08,1.4847107264853298e-07,True,7.105427357601002e-15,-3.027352674100925e-14,1.2466654603648769e-08,1.1236250696929907e-08,2.2836308025822403,15.004035497307717,1.2667325991929783e-08,9.958429719598993e-09,223.40376809180563,ball,10000.0,k,Kratio-1
elasticity-2d,9,400,1604,441,7,7,1.0,12808,3.3295716011352473e-15,0.0,1.5318465382438854e-07,"{""1e-05"": 0.14796200398261591, ""1e-06"": 0.011209410378333558, ""1e-08"": 0.00014616410383300568, ""1e-10"": 2.771780098384377e-06, ""1e-12"": 1.5973630522004732e-07, ""1e-14"": 1.5318465382438854e-07}",0.1764912388367556,0.03519211925547657,1000023,1000031,direct,streaming_tsqr,1e-14,hu_zhang,0.3333333333333333,LS(ridge),6.844935862103379e-10,1.9763763315740866e-08,0.6387730339774862,1631,2004,96237394892147.31,3.0025342750836344e-08,1.5027897484614473e-07,2.896179112567288e-08,1.4897370217728892e-07,True,5.684341886080802e-14,-5.2366097569311876e-14,1.497094638572391e-08,1.2902600695844408e-08,2.2836308025822403,15.004035497307717,1.3148072235181301e-08,1.0015903712911796e-08,519.9760141857602,ridge,1e-14,k,Kratio-1
elasticity-2d,9,400,1604,441,7,7,1.0,12808,3.3295716011352473e-15,0.0,1.5550965193918418e-07,"{""1e-06"": 0.012155214439617935, ""1e-08"": 0.00019346898262180957, ""1e-10"": 2.364590428548178e-06, ""1e-12"": 1.672116202943774e-07, ""1e-14"": 1.5550965193918418e-07}",0.1764912388367556,0.03519211925547657,1000023,1000031,direct,streaming_tsqr,1e-14,hu_zhang,0.3333333333333333,LS(tsvd),6.862664644723019e-10,2.2045986013630183e-08,0.6470053439843468,1631,2004,96237394892147.31,3.075792720008219e-08,1.5249766204157774e-07,3.010937668194632e-08,1.5089569718462511e-07,False,4.263256414560601e-14,-3.2014321749151975e-15,1.6215424343164552e-08,1.493604742508151e-08,2.2836308025822403,15.004035497307717,1.3468870346862693e-08,1.0163776409949276e-08,558.983377146195,tsvd,1e-14,k,Kratio-1
elasticity-2d,0,400,1604,841,7,7,2.0,12808,3.925743140037659e-15,0.0,1.538369989587232e-07,"{""100.0"": 1.861798731118915, ""1000.0"": 0.00042283602820363284, ""10000.0"": 1.538369989587232e-07, ""100000.0"": 1.7181629471331227e-07, ""1000000.0"": 1.7181629471331227e-07, ""inf"": 1.7181629471331227e-07}",0.1764912388367556,0.03519211925547657,100023,100031,direct,streaming_tsqr,1e-14,hu_zhang,0.3333333333333333,LS(ball),6.351544025901387e-10,2.6037051693962642e-08,1.2837294449855108,1631,2004,99735702177086.31,3.25098974906841e-08,1.504827823211579e-07,3.28753043051326e-08,1.4821315634653663e-07,True,1.0658141036401503e-14,1.3671355714173217e-14,1.7875168723895655e-08,1.8931624441826047e-08,2.2836308025822403,15.004035497307717,1.4236056657636242e-08,1.002948722349798e-08,223.36251045859,ball,10000.0,k,Kratio-2
elasticity-2d,0,400,1604,841,7,7,2.0,12808,3.925743140037659e-15,0.0,1.5713534119282536e-07,"{""1e-05"": 0.14954347459857373, ""1e-06"": 0.011526054034099634, ""1e-08"": 0.00016072686646962698, ""1e-10"": 3.958720841110927e-06, ""1e-12"": 1.5713534119282536e-07, ""1e-14"": 1.700929823527904e-07}",0.1764912388367556,0.03519211925547657,100023,100031,direct,streaming_tsqr,1e-14,hu_zhang,0.3333333333333333,LS(ridge),6.715571278169659e-10,3.971955473635552e-08,0.6676257920044009,1289,2004,995581990000.2098,3.404748303535059e-08,1.5341274159823792e-07,4.199664210007586e-08,1.4818173388185662e-07,True,1.7763568394002505e-14,-2.7000970903579002e-14,2.9400758915446017e-08,2.6706523615966263e-08,2.2836308025822403,15.004035497307717,1.490936406920551e-08,1.0224765305691651e-08,39.09752962694192,ridge,1e-12,k,Kratio-2
elasticity-2d,0,400,1604,841,7,7,2.0,12808,3.925743140037659e-15,0.0,1.637122577147026e-07,"{""1e-06"": 0.01211221503592481, ""1e-08"": 0.00017775899124342892, ""1e-10"": 3.580341552239329e-06, ""1e-12"": 1.637122577147026e-07, ""1e-14"": 1.7181629471331227e-07}",0.1764912388367556,0.03519211925547657,100023,100031,direct,streaming_tsqr,1e-14,hu_zhang,0.3333333333333333,LS(tsvd),6.909036228094214e-10,3.1620649843423634e-08,0.6726022009679582,1289,2004,995581990000.2098,3.854780066964356e-08,1.5913431256329197e-07,4.1035422154185426e-08,1.559610975162431e-07,False,3.552713678800501e-15,-5.976989736478089e-15,2.3884274627673452e-08,2.072213603927649e-08,2.2836308025822403,15.004035497307717,1.6880049360892845e-08,1.0606100778143759e-08,40.8837294465113,tsvd,1e-12,k,Kratio-2
elasticity-2d,1,400,1604,841,7,7,2.0,12808,5.210665604783716e-15,0.0,1.908652247867998e-07,"{""100.0"": 1.8693273472482352, ""1000.0"": 0.00044627985403103713, ""10000.0"": 1.908652247867998e-07, ""100000.0"": 2.121811999308101e-07, ""1000000.0"": 2.121811999308101e-07, ""inf"": 2.121811999308101e-07}",0.1764912388367556,0.03519211925547657,200023,200031,direct,streaming_tsqr,1e-14,hu_zhang,0.3333333333333333,LS(ball),7.035825989809932e-10,2.3904223850506343e-08,1.2417534480046015,1629,2004,96988299617300.64,3.745399818259579e-08,1.8719862591780157e-07,3.651939850010586e-08,1.856661348432123e-07,True,2.1316282072803006e-14,-1.15558604352195e-14,1.7206518722299995e-08,1.6593602121126564e-08,2.2836308025822403,15.004035497307717,1.6401074175494688e-08,1.2476551788443315e-08,223.37699890287405,ball,10000.0,k,Kratio-2
elasticity-2d,1,400,1604,841,7,7,2.0,12808,5.210665604783716e-15,0.0,1.8848428991356013e-07,"{""1e-05"": 0.1617254413964071, ""1e-06"": 0.011615301607449906, ""1e-08"": 0.00019080790553324513, ""1e-10"": 4.461934889559748e-06, ""1e-12"": 1.8848428991356013e-07, ""1e-14"": 1.9646513507851714e-07}",0.1764912388367556,0.03519211925547657,200023,200031,direct,streaming_tsqr,1e-14,hu_zhang,0.3333333333333333,LS(ridge),6.007597805229757e-10,4.280708422975301e-08,0.6207360310072545,1288,2004,994094666029.3776,3.153598247673572e-08,1.8588794472804926e-07,4.389894360144403e-08,1.8089190566458502e-07,True,3.552713678800501e-14,5.5164206536062466e-15,3.281356988122567e-08,2.749029086610558e-08,2.2836308025822403,15.004035497307717,1.38095800954673e-08,1.2389196543916768e-08,39.29241487369084,ridge,1e-12,k,Kratio-2
elasticity-2d,1,400,1604,841,7,7,2.0,12808,5.210665604783716e-15,0.0,1.9473006916283095e-07,"{""1e-06"": 0.012071725578552135, ""1e-08"": 0.00020706624195904636, ""1e-10"": 4.1784158850650585e-06, ""1e-12"": 1.9473006916283095e-07, ""1e-14"": 2.121811999308101e-07}",0.1764912388367556,0.03519211925547657,200023,200031,direct,streaming_tsqr,1e-14,hu_zhang,0.3333333333333333,LS(tsvd),7.873386027106931e-10,3.730512766738897e-08,0.6314821990090422,1288,2004,994094666029.3776,4.1119629576624056e-08,1.9036007354346118e-07,4.7088616192139745e-08,1.866689182729459e-07,False,1.4210854715202004e-14,-1.3303594337266134e-14,2.996110302666967e-08,2.2226220004883328e-08,2.2836308025822403,15.004035497307717,1.8006251067435065e-08,1.2687258276456282e-08,41.428534620154444,tsvd,1e-12,k,Kratio-2
elasticity-2d,2,400,1604,841,7,7,2.0,12808,3.860170997816622e-15,0.0,1.8916465965697796e-07,"{""100.0"": 1.8576112766429487, ""1000.0"": 0.000424232586075863, ""10000.0"": 1.8916465965697796e-07, ""100000.0"": 1.903152058045738e-07, ""1000000.0"": 1.903152058045738e-07, ""inf"": 1.903152058045738e-07}",0.1764912388367556,0.03519211925547657,300023,300031,direct,streaming_tsqr,1e-14,hu_zhang,0.3333333333333333,LS(ball),7.829836959968131e-10,2.184671750641847e-08,1.3142877649806906,1621,2004,99630094030546.22,4.499058415189788e-08,1.8364191932778735e-07,4.280088031682851e-08,1.8233780592238217e-07,True,3.375077994860476e-14,-1.4688771032833614e-14,1.722075560027108e-08,1.3443386565928369e-08,2.2836308025822403,15.004035497307717,1.9701338807054227e-08,1.2239501790084378e-08,223.35729722590548,ball,10000.0,k,Kratio-2
elasticity-2d,2,400,1604,841,7,7,2.0,12808,3.860170997816622e-15,0.0,1.8636498140763662e-07,"{""1e-05"": 0.1558823697409679, ""1e-06"": 0.011606246030556436, ""1e-08"": 0.00016644968086213712, ""1e-10"": 2.7407007627509124e-06, ""1e-12"": 1.8636498140763662e-07, ""1e-14"": 1.8795609784535145e-07}",0.1764912388367556,0.03519211925547657,300023,300031,direct,streaming_tsqr,1e-14,hu_zhang,0.3333333333333333,LS(ridge),8.272980461879531e-10,3.75681685069752e-08,0.6808256960066501,1283,2004,997343984651.6676,4.7082452548777356e-08,1.80375845218434e-07,4.792202988061086e-08,1.7642017530117118e-07,True,1.0658141036401503e-14,1.3721662694976544e-14,2.6272141261343222e-08,2.6854084950199116e-08,2.2836308025822403,15.004035497307717,2.0617366211534e-08,1.2021822079186638e-08,38.975095515986,ridge,1e-12,k,Kratio-2
elasticity-2d,2,400,1604,841,7,7,2.0,12808,3.860170997816622e-15,0.0,1.903152058045738e-07,"{""1e-06"": 0.012444999677825669, ""1e-08"": 0.00020859102045013344, ""1e-10"": 2.2910188053906695e-06, ""1e-12"": 1.9307749930988675e-07, ""1e-14"": 1.903152058045738e-07}",0.1764912388367556,0.03519211925547657,300023,300031,direct,streaming_tsqr,1e-14,hu_zhang,0.3333333333333333,LS(tsvd),7.68568402570004e-10,2.535527996880888e-08,0.6927529899694491,1621,2004,99630094030546.22,4.719626948132192e-08,1.8430868964645356e-07,4.5735948495660794e-08,1.8255630051273513e-07,False,4.263256414560601e-14,2.0250294496815258e-14,1.9066356042532076e-08,1.6714194253869415e-08,2.2836308025822403,15.004035497307717,2.0667206550180628e-08,1.2283941188990483e-08,419.4888427214774,tsvd,1e-14,k,Kratio-2
elasticity-2d,3,400,1604,841,7,7,2.0,12808,4.7419109893595045e-15,0.0,1.943175957163484e-07,"{""100.0"": 1.8680262987705947, ""1000.0"": 0.00041934593470765725, ""10000.0"": 1.943175957163484e-07, ""100000.0"": 2.2214383406990747e-07, ""1000000.0"": 2.2214383406990747e-07, ""inf"": 2.2214383406990747e-07}",0.1764912388367556,0.03519211925547657,400023,400031,direct,streaming_tsqr,1e-14,hu_zhang,0.3333333333333333,LS(ball),6.365989717682035e-10,2.791767380704397e-08,1.363497821992496,1621,2004,99992888755974.14,4.060990488400143e-08,1.8989149348200776e-07,4.083441606524339e-08,1.8782806708804435e-07,True,3.907985046680551e-14,-5.027055161033189e-14,2.1697842290581107e-08,1.7567018834440267e-08,2.2836308025822403,15.004035497307717,1.7783043054981277e-08,1.2656028007670428e-08,223.39423818068346,ball,10000.0,k,Kratio-2
elasticity-2d,3,400,1604,841,7,7,2.0,12808,4.7419109893595045e-15,0.0,1.7206900974412274e-07,"{""1e-05"": 0.15737763200207824, ""1e-06"": 0.012061467919413064, ""1e-08"": 0.00016630021692761303, ""1e-10"": 2.4700290009360458e-06, ""1e-12"": 1.7206900974412274e-07, ""1e-14"": 2.0800963430985986e-07}",0.1764912388367556,0.03519211925547657,400023,400031,direct,streaming_tsqr,1e-14,hu_zhang,0.3333333333333333,LS(ridge),6.967086110165594e-10,2.953502134445895e-08,0.6750771990045905,1279,2004,994979970664.0215,4.401119364152958e-08,1.6632445536432238e-07,4.3491974377620266e-08,1.6368111365218904e-07,True,3.552713678800501e-15,-1.6077417175353048e-14,2.2017825876207402e-08,1.9685853537570014e-08,2.2836308025822403,15.004035497307717,1.9272464529626876e-08,1.1085314707111109e-08,39.404715492351635,ridge,1e-12,k,Kratio-2
elasticity-2d,3,400,1604,841,7,7,2.0,12808,4.7419109893595045e-15,0.0,1.8058422155457704e-07,"{""1e-06"": 0.012479351310638832, ""1e-08"": 0.0002081820084417064, ""1e-10"": 1.9507362766194573e-06, ""1e-12"": 1.8058422155457704e-07, ""1e-14"": 2.2214383406990747e-07}",0.1764912388367556,0.03519211925547657,400023,400031,direct,streaming_tsqr,1e-14,hu_zhang,0.3333333333333333,LS(tsvd),8.348634011160192e-10,3.574714834161924e-08,0.6822694239963312,1279,2004,994979970664.0215,5.167783532171188e-08,1.7298433208450932e-07,4.955982890417814e-08,1.6925046685952174e-07,False,7.105427357601002e-15,-1.0304257447302234e-15,2.5486179095176078e-08,2.5066178202636736e-08,2.2836308025822403,15.004035497307717,2.2629680447153105e-08,1.1529187072074652e-08,41.281275345666714,tsvd,1e-12,k,Kratio-2
elasticity-2d,4,400,1604,841,7,7,2.0,12808,4.93305886333429e-15,0.0,1.47395376208146e-07,"{""100.0"": 1.8648763724076716, ""1000.0"": 0.00041390836404803325, ""10000.0"": 1.47395376208146e-07, ""100000.0"": 1.6153630630889658e-07, ""1000000.0"": 1.6153630630889658e-07, ""inf"": 1.6153630630889658e-07}",0.1764912388367556,0.03519211925547657,500023,500031,direct,streaming_tsqr,1e-14,hu_zhang,0.3333333333333333,LS(ball),6.008435280041295e-10,1.932010055607714e-08,1.2971486279857345,1633,2004,99811880410834.61,3.2710337530195136e-08,1.4385353300544908e-07,3.097016710805611e-08,1.425502461332596e-07,True,2.842170943040401e-14,-3.780829815891451e-15,1.4498722907036662e-08,1.2769233319267938e-08,2.2836308025822403,15.004035497307717,1.4323829181673135e-08,9.587656136328241e-09,223.373520759135,ball,10000.0,k,Kratio-2
elasticity-2d,4,400,1604,841,7,7,2.0,12808,4.93305886333429e-15,0.0,1.4695827966242663e-07,"{""1e-05"": 0.14907780109637284, ""1e-06"": 0.011051189784036075, ""1e-08"": 0.000151729348008788, ""1e-10"": 2.499539245363596e-06, ""1e-12"": 1.4695827966242663e-07, ""1e-14"": 1.534426632905983e-07}",0.1764912388367556,0.03519211925547657,500023,500031,direct,streaming_tsqr,1e-14,hu_zhang,0.3333333333333333,LS(ridge),6.160278128369079e-10,2.310803563122415e-08,0.6376618949871045,1293,2004,995428348336.2604,3.2138566013441905e-08,1.4343617722175259e-07,3.2224419099636984e-08,1.4156255022164615e-07,True,0.0,-9.778636234081262e-15,1.6948367883306013e-08,1.570777313389922e-08,2.2836308025822403,15.004035497307717,1.407345091732905e-08,9.559839900904685e-09,39.68895536924016,ridge,1e-12,k,Kratio-2
elasticity-2d,4,400,1604,841,7,7,2.0,12808,4.93305886333429e-15,0.0,1.536608711670436e-07,"{""1e-06"": 0.012116567767566304, ""1e-08"": 0.00019585712818832507, ""1e-10"": 2.107077741955225e-06, ""1e-12"": 1.536608711670436e-07, ""1e-14"": 1.6153630630889658e-07}",0.1764912388367556,0.03519211925547657,500023,500031,direct,streaming_tsqr,1e-14,hu_zhang,0.3333333333333333,LS(tsvd),6.766319092362976e-10,2.7328124754742035e-08,0.6443129719991703,1293,2004,995428348336.2604,3.5830045799939975e-08,1.4943826855762118e-07,3.538953867112251e-08,1.4691824157295433e-07,False,2.4868995751603507e-14,1.1595759075166967e-14,1.9104571329998832e-08,1.954077165589248e-08,2.2836308025822403,15.004035497307717,1.568994679850384e-08,9.959871701478977e-09,40.90282678854579,tsvd,1e-12,k,Kratio-2
elasticity-2d,5,400,1604,841,7,7,2.0,12808,4.771684426383363e-15,0.0,1.984974890330737e-07,"{""100.0"": 1.8632207755582106, ""1000.0"": 0.00042079052282203283, ""10000.0"": 1.984974890330737e-07, ""100000.0"": 2.176158638807587e-07, ""1000000.0"": 2.176158638807587e-07, ""inf"": 2.176158638807587e-07}",0.1764912388367556,0.03519211925547657,600023,600031,direct,streaming_tsqr,1e-14,hu_zhang,0.3333333333333333,LS(ball),6.929396721791599e-10,3.11579752850356e-08,1.353833595989272,1624,2004,99673531217585.69,3.5425865629813256e-08,1.9535863669169015e-07,3.8119486924088575e-08,1.9285792051708142e-07,True,1.0658141036401503e-14,-2.3499431567319817e-14,2.3295044699562395e-08,2.069203509344306e-08,2.2836308025822403,15.004035497307717,1.551295664332215e-08,1.3020406191837174e-08,223.39207693340035,ball,10000.0,k,Kratio-2
elasticity-2d,5,400,1604,841,7,7,2.0,12808,4.771684426383363e-15,0.0,1.7221122902293174e-07,"{""1e-05"": 0.15737257678943678, ""1e-06"": 0.0117896959177372, ""1e-08"": 0.0001653403029431833, ""1e-10"": 2.7835288301056435e-06, ""1e-12"": 1.7221122902293174e-07, ""1e-14"": 2.1385332707638474e-07}",0.1764912388367556,0.03519211925547657,600023,600031,direct,streaming_tsqr,1e-14,hu_zhang,0.3333333333333333,LS(ridge),6.373116578169464e-10,2.99623197117425e-08,0.6588971790042706,1286,2004,996264463214.921,3.451070359260428e-08,1.6877390372709575e-07,3.726270196663339e-08,1.6609301603852677e-07,True,3.552713678800501e-15,-4.9361556508920046e-15,2.2784908870021172e-08,1.945735157449502e-08,2.2836308025822403,15.004035497307717,1.5112207960052444e-08,1.1248567344257488e-08,39.723847441957915,ridge,1e-12,k,Kratio-2
elasticity-2d,5,400,1604,841,7,7,2.0,12808,4.771684426383363e-15,0.0,1.7641656469054498e-07,"{""1e-06"": 0.012223769153582628, ""1e-08"": 0.00020393502028841348, ""1e-10"": 2.262643283579652e-06, ""1e-12"": 1.7641656469054498e-07, ""1e-14"": 2.176158638807587e-07}",0.1764912388367556,0.03519211925547657,600023,600031,direct,streaming_tsqr,1e-14,hu_zhang,0.3333333333333333,LS(tsvd),7.485063886527372e-10,3.727377072975058e-08,0.6650685979984701,1286,2004,996264463214.921,4.1574788635097726e-08,1.7152273462365184e-07,4.357081517571836e-08,1.6742375729973833e-07,False,3.552713678800501e-15,-1.1384122811097797e-14,2.7101317945350752e-08,2.5590086948641273e-08,2.2836308025822403,15.004035497307717,1.8205564834773897e-08,1.1431773448845106e-08,40.99895784711252,tsvd,1e-12,k,Kratio-2
elasticity-2d,6,400,1604,841,7,7,2.0,12808,5.190098704487989e-15,0.0,1.741751504668521e-07,"{""100.0"": 1.8637377848879297, ""1000.0"": 0.0004132200002222352, ""10000.0"": 1.741751504668521e-07, ""100000.0"": 1.915640543522244e-07, ""1000000.0"": 1.915640543522244e-07, ""inf"": 1.915640543522244e-07}",0.1764912388367556,0.03519211925547657,700023,700031,direct,streaming_tsqr,1e-14,hu_zhang,0.3333333333333333,LS(ball),7.341431590207092e-10,1.6829002669090964e-08,1.2074221269867849,1627,2004,99249725685094.22,3.483930328188401e-08,1.7042824111441776e-07,3.2378020889633814e-08,1.6959531254877843e-07,True,2.842170943040401e-14,-3.1319564997023264e-14,1.2344573252399255e-08,1.1437956200843736e-08,2.2836308025822403,15.004035497307717,1.5256101486496454e-08,1.135882683995242e-08,223.40150293146976,ball,10000.0,k,Kratio-2
elasticity-2d,6,400,1604,841,7,7,2.0,12808,5.190098704487989e-15,0.0,1.665340985211436e-07,"{""1e-05"": 0.15599881280017489, ""1e-06"": 0.01147175916158311, ""1e-08"": 0.00015539029652873477, ""1e-10"": 2.6824866481349044e-06, ""1e-12"": 1.665340985211436e-07, ""1e-14"": 1.9532536999660843e-07}",0.1764912388367556,0.03519211925547657,700023,700031,direct,streaming_tsqr,1e-14,hu_zhang,0.3333333333333333,LS(ridge),6.617323464938644e-10,2.3303309159792365e-08,0.6010951339849271,1284,2004,994069466189.0212,3.3464215286319464e-08,1.6312723387060527e-07,3.270387844237294e-08,1.6145417372269534e-07,True,1.0658141036401503e-14,-3.886647947926036e-15,1.6539801143689614e-08,1.6415821512311423e-08,2.2836308025822403,15.004035497307717,1.4653951614455121e-08,1.0872223936012173e-08,38.74762611399035,ridge,1e-12,k,Kratio-2
elasticity-2d,6,400,1604,841,7,7,2.0,12808,5.190098704487989e-15,0.0,1.7021461540231103e-07,"{""1e-06"": 0.011932353361657058, ""1e-08"": 0.00019065782703321093, ""1e-10"": 2.407569579134444e-06, ""1e-12"": 1.7021461540231103e-07, ""1e-14"": 1.915640543522244e-07}",0.1764912388367556,0.03519211925547657,700023,700031,direct,streaming_tsqr,1e-14,hu_zhang,0.3333333333333333,LS(tsvd),7.034652674499155e-10,2.70217306789818e-08,0.6250066659704316,1284,2004,994069466189.0212,3.716624014555994e-08,1.6610414821728033e-07,3.567332226095347e-08,1.6389147057153647e-07,False,4.973799150320701e-14,2.460705250673101e-15,1.814339124312007e-08,2.002476674237431e-08,2.2836308025822403,15.004035497307717,1.6275065174078846e-08,1.1070631514240659e-08,39.799672937428916,tsvd,1e-12,k,Kratio-2
elasticity-2d,7,400,1604,841,7,7,2.0,12808,4.356599994622808e-15,0.0,1.5151524486272032e-07,"{""100.0"": 1.8778995099093942, ""1000.0"": 0.00040789578808563356, ""10000.0"": 1.5151524486272032e-07, ""100000.0"": 1.9968122281905273e-07, ""1000000.0"": 1.9968122281905273e-07, ""inf"": 1.9968122281905273e-07}",0.1764912388367556,0.03519211925547657,800023,800031,direct,streaming_tsqr,1e-14,hu_zhang,0.3333333333333333,LS(ball),6.076075903781604e-10,1.629042096186202e-08,1.2275752080022357,1645,2004,99688883830527.4,3.1103374981976444e-08,1.4826321353800098e-07,2.933643736631133e-08,1.473655409975487e-07,True,1.7763568394002505e-14,-6.850076061937216e-14,1.218716315506607e-08,1.0809758061421805e-08,2.2836308025822403,15.004035497307717,1.362014163883495e-08,9.881555769753073e-09,223.36009173473838,ball,10000.0,k,Kratio-2
elasticity-2d,7,400,1604,841,7,7,2.0,12808,4.356599994622808e-15,0.0,1.468082536189368e-07,"{""1e-05"": 0.142276367570662, ""1e-06"": 0.011358477261700264, ""1e-08"": 0.0001402443167615018, ""1e-10"": 1.6927096260481592e-06, ""1e-12"": 1.468082536189368e-07, ""1e-14"": 1.8544239366340449e-07}",0.1764912388367556,0.03519211925547657,800023,800031,direct,streaming_tsqr,1e-14,hu_zhang,0.3333333333333333,LS(ridge),6.081388978948779e-10,1.962524254108338e-08,0.627426735998597,1284,2004,997755244407.0773,3.172783541215621e-08,1.4336127378599895e-07,3.0294222858744095e-08,1.420116357090073e-07,True,0.0,-1.5447712553573467e-15,1.3918099919844587e-08,1.3836063002804335e-08,2.2836308025822403,15.004035497307717,1.3893592333874466e-08,9.554847681593616e-09,39.47729859351504,ridge,1e-12,k,Kratio-2
elasticity-2d,7,400,1604,841,7,7,2.0,12808,4.356599994622808e-15,0.0,1.564906926753335e-07,"{""1e-06"": 0.012057964418569002, ""1e-08"": 0.00016921735701959953, ""1e-10"": 1.5494487235357756e-06, ""1e-12"": 1.564906926753335e-07, ""1e-14"": 1.9968122281905273e-07}",0.1764912388367556,0.03519211925547657,800023,800031,direct,streaming_tsqr,1e-14,hu_zhang,0.3333333333333333,LS(tsvd),7.221545279804521e-10,2.3612451801693287e-08,0.6324536190077197,1284,2004,997755244407.0773,3.4548635079397275e-08,1.526129157457533e-07,3.2522163348729216e-08,1.5077517757354195e-07,False,2.1316282072803006e-14,-2.160684825502912e-14,1.5951024422969604e-08,1.741013210590649e-08,2.2836308025822403,15.004035497307717,1.5128818126087208e-08,1.0171457923645791e-08,41.35603159566293,tsvd,1e-12,k,Kratio-2
elasticity-2d,8,400,1604,841,7,7,2.0,12808,3.962126842458688e-15,0.0,2.463534879825035e-07,"{""100.0"": 1.8666997540950065, ""1000.0"": 0.00043879648574384275, ""10000.0"": 2.463534879825035e-07, ""100000.0"": 2.862372703033646e-07, ""1000000.0"": 2.862372703033646e-07, ""inf"": 2.862372703033646e-07}",0.1764912388367556,0.03519211925547657,900023,900031,direct,streaming_tsqr,1e-14,hu_zhang,0.3333333333333333,LS(ball),9.193951840594883e-10,2.761363457016171e-08,1.2134605599858332,1620,2004,99157084851328.69,5.2784174768926604e-08,2.406516184752855e-07,4.863709779369385e-08,2.3906210210027004e-07,True,7.815970093361102e-14,-2.6135343889066576e-14,2.0391112127918892e-08,1.862029431456627e-08,2.2836308025822403,15.004035497307717,2.3114145556821325e-08,1.6039126174985882e-08,223.36095369630198,ball,10000.0,k,Kratio-2
elasticity-2d,8,400,1604,841,7,7,2.0,12808,3.962126842458688e-15,0.0,2.3479706140435123e-07,"{""1e-05"": 0.16252426771991668, ""1e-06"": 0.012149686465578149, ""1e-08"": 0.00018060896381451107, ""1e-10"": 3.4029039835559257e-06, ""1e-12"": 2.3479706140435123e-07, ""1e-14"": 3.163153374881926e-07}",0.1764912388367556,0.03519211925547657,900023,900031,direct,streaming_tsqr,1e-14,hu_zhang,0.3333333333333333,LS(ridge),8.234987938396879e-10,3.005862284945282e-08,0.6128054730070289,1282,2004,995131320245.9475,4.492467850264124e-08,2.3049590894644818e-07,4.330311505577131e-08,2.2852755464810733e-07,True,1.4210854715202004e-14,-1.7007228958476617e-14,2.3322141531224707e-08,1.896308313548118e-08,2.2836308025822403,15.004035497307717,1.9672478778899886e-08,1.5362260972243616e-08,38.98759154139829,ridge,1e-12,k,Kratio-2
elasticity-2d,8,400,1604,841,7,7,2.0,12808,3.962126842458688e-15,0.0,2.491628796510271e-07,"{""1e-06"": 0.01247988086988925, ""1e-08"": 0.00020609597876669594, ""1e-10"": 2.8887962438489453e-06, ""1e-12"": 2.491628796510271e-07, ""1e-14"": 2.862372703033646e-07}",0.1764912388367556,0.03519211925547657,900023,900031,direct,streaming_tsqr,1e-14,hu_zhang,0.3333333333333333,LS(tsvd),1.1390405868210311e-09,4.9996127531797987e-08,0.6180814909748733,1282,2004,995131320245.9475,5.8869988216266854e-08,2.4215758934619823e-07,5.803376792061339e-08,2.3694025683658353e-07,False,7.105427357601002e-15,2.628973427842851e-15,3.398529086815566e-08,3.6668961981254165e-08,2.2836308025822403,15.004035497307717,2.5779118126143237e-08,1.613949722990527e-08,40.78713019900717,tsvd,1e-12,k,Kratio-2
elasticity-2d,9,400,1604,841,7,7,2.0,12808,4.24060760237885e-15,0.0,1.5339913293728533e-07,"{""100.0"": 1.87164273839215, ""1000.0"": 0.0004213146469409961, ""10000.0"": 1.5339913293728533e-07, ""100000.0"": 1.5820911211941576e-07, ""1000000.0"": 1.5820911211941576e-07, ""inf"": 1.5820911211941576e-07}",0.1764912388367556,0.03519211925547657,1000023,1000031,direct,streaming_tsqr,1e-14,hu_zhang,0.3333333333333333,LS(ball),6.770671921123998e-10,1.992935653743767e-08,1.2594126549956854,1637,2004,94430887454814.06,3.3303109407738826e-08,1.4977198896713288e-07,3.1204204932339056e-08,1.4844012067892786e-07,True,1.7763568394002505e-15,-1.3634926521177704e-15,1.4838898175619318e-08,1.33036217974622e-08,2.2836308025822403,15.004035497307717,1.4583403486273252e-08,9.982113744932659e-09,223.41242716297046,ball,10000.0,k,Kratio-2
elasticity-2d,9,400,1604,841,7,7,2.0,12808,4.24060760237885e-15,0.0,1.5513129963718005e-07,"{""1e-05"": 0.14770345280088884, ""1e-06"": 0.0113582602422209, ""1e-08"": 0.0001496382283638127, ""1e-10"": 2.7943178955124082e-06, ""1e-12"": 1.599438624296695e-07, ""1e-14"": 1.5513129963718005e-07}",0.1764912388367556,0.03519211925547657,1000023,1000031,direct,streaming_tsqr,1e-14,hu_zhang,0.3333333333333333,LS(ridge),7.172578425827194e-10,2.5723015863972153e-08,0.6467020550044253,1637,2004,94430887454814.06,3.507261590196584e-08,1.5116042450948345e-07,3.356438083427111e-08,1.489556994302302e-07,True,1.4210854715202004e-14,-3.2399430360818826e-14,1.763434196847571e-08,1.872708008411934e-08,2.2836308025822403,15.004035497307717,1.535826888580549e-08,1.007465121877426e-08,518.5293299414749,ridge,1e-14,k,Kratio-2
elasticity-2d,9,400,1604,841,7,7,2.0,12808,4.24060760237885e-15,0.0,1.5820911211941576e-07,"{""1e-06"": 0.012168550881030879, ""1e-08"": 0.0001973576515297707, ""1e-10"": 2.357554446505723e-06, ""1e-12"": 1.6737228693465912e-07, ""1e-14"": 1.5820911211941576e-07}",0.1764912388367556,0.03519211925547657,1000023,1000031,direct,streaming_tsqr,1e-14,hu_zhang,0.3333333333333333,LS(tsvd),7.555531738142436e-10,2.691875010336376e-08,0.6541148029791657,1637,2004,94430887454814.06,3.727536004401611e-08,1.5383747980454132e-07,3.5749654441962364e-08,1.514640257139804e-07,False,2.842170943040401e-14,-3.429461575832349e-14,1.8636678991272643e-08,1.9424039314818203e-08,2.2836308025822403,15.004035497307717,1.6322848685464653e-08,1.0253073570250184e-08,562.5150829914189,tsvd,1e-14,k,Kratio-2
elasticity-2d,0,400,1604,1681,7,7,4.0,12808,7.93240576711128e-15,0.0,1.5697322886454937e-07,"{""100.0"": 1.886783574913899, ""1000.0"": 0.0004260287284122646, ""10000.0"": 1.5697322886454937e-07, ""100000.0"": 1.7661771477562322e-07, ""1000000.0"": 1.7661771477562322e-07, ""inf"": 1.7661771477562322e-07}",0.1764912388367556,0.03519211925547657,100023,100031,direct,streaming_tsqr,1e-14,hu_zhang,0.3333333333333333,LS(ball),6.437408823974931e-10,3.318483197676812e-08,1.2679669550270773,1632,2004,99740077574783.58,3.9535981577445e-08,1.5193277775429308e-07,4.098639454266166e-08,1.482644120576785e-07,True,3.197442310920451e-14,-1.2226331058684536e-14,2.315404171827066e-08,2.377232477977098e-08,2.2836308025822403,15.004035497307717,1.731277294593297e-08,1.0126127586245413e-08,223.41488605594395,ball,10000.0,k,Kratio-4
elasticity-2d,0,400,1604,1681,7,7,4.0,12808,7.93240576711128e-15,0.0,1.5833462122609244e-07,"{""1e-05"": 0.1489974526903141, ""1e-06"": 0.011715449996022068, ""1e-08"": 0.00016214268683587848, ""1e-10"": 3.990436123957917e-06, ""1e-12"": 1.5833462122609244e-07, ""1e-14"": 1.7339163584269979e-07}",0.1764912388367556,0.03519211925547657,100023,100031,direct,streaming_tsqr,1e-14,hu_zhang,0.3333333333333333,LS(ridge),6.433581024878867e-10,3.812802573847545e-08,0.6466485830023885,1291,2004,989536825685.0305,4.035402277575068e-08,1.529983652674577e-07,4.542210150369385e-08,1.4817136507368947e-07,True,1.0658141036401503e-14,-2.681275340643552e-14,2.8204068730877834e-08,2.5656906550435218e-08,2.2836308025822403,15.004035497307717,1.767099249586226e-08,1.019714764703878e-08,39.09359017268441,ridge,1e-12,k,Kratio-4
elasticity-2d,0,400,1604,1681,7,7,4.0,12808,7.93240576711128e-15,0.0,1.6609709945315648e-07,"{""1e-06"": 0.012166039235538854, ""1e-08"": 0.0001767921523334866, ""1e-10"": 3.636554842518513e-06, ""1e-12"": 1.6609709945315648e-07, ""1e-14"": 1.7661771477562322e-07}",0.1764912388367556,0.03519211925547657,100023,100031,direct,streaming_tsqr,1e-14,hu_zhang,0.3333333333333333,LS(tsvd),6.669012869490616e-10,3.048802441062283e-08,0.6529151299910154,1291,2004,989536825685.0305,4.5896353146487313e-08,1.595033442432611e-07,4.635188317233546e-08,1.5656243863814054e-07,False,2.4868995751603507e-14,-3.4017927363905187e-15,2.2843660248631947e-08,2.0191256001244845e-08,2.2836308025822403,15.004035497307717,2.009797428489295e-08,1.0630696273138114e-08,40.94355947228745,tsvd,1e-12,k,Kratio-4
elasticity-2d,1,400,1604,1681,7,7,4.0,12808,6.396756380510052e-15,0.0,1.9425873332815007e-07,"{""100.0"": 1.9056544528552275, ""1000.0"": 0.0004477712824533726, ""10000.0"": 1.9425873332815007e-07, ""100000.0"": 2.1747734632341607e-07, ""1000000.0"": 2.1747734632341607e-07, ""inf"": 2.1747734632341607e-07}",0.1764912388367556,0.03519211925547657,200023,200031,direct,streaming_tsqr,1e-14,hu_zhang,0.3333333333333333,LS(ball),8.222829566604395e-10,2.7901797247042137e-08,1.1990349119878374,1633,2004,98909955313341.62,5.046283474095217e-08,1.874724862275441e-07,4.874901564179984e-08,1.853845268697516e-07,True,7.105427357601002e-15,-1.6403545188836688e-14,2.0720892787254367e-08,1.8685686814087358e-08,2.2836308025822403,15.004035497307717,2.2097632718866277e-08,1.2494804231913717e-08,223.3485235706529,ball,10000.0,k,Kratio-4
elasticity-2d,1,400,1604,1681,7,7,4.0,12808,6.396756380510052e-15,0.0,1.906229186413548e-07,"{""1e-05"": 0.16160447990962665, ""1e-06"": 0.012059753206048051, ""1e-08"": 0.00019336531998998585, ""1e-10"": 4.5920833086761174e-06, ""1e-12"": 1.906229186413548e-07, ""1e-14"": 2.0298234063485442e-07}",0.1764912388367556,0.03519211925547657,200023,200031,direct,streaming_tsqr,1e-14,hu_zhang,0.3333333333333333,LS(ridge),6.989671933388155e-10,3.985911241279417e-08,0.6300375819846522,1289,2004,990343431501.8961,4.54814863421464e-08,1.8508274402434742e-07,5.091437785995346e-08,1.8073979443732458e-07,True,7.105427357601002e-15,-4.057518210309752e-15,3.020793279382606e-08,2.6004415753087986e-08,2.2836308025822403,15.004035497307717,1.991630446161337e-08,1.2335530934831376e-08,39.30554280089395,ridge,1e-12,k,Kratio-4
elasticity-2d,1,400,1604,1681,7,7,4.0,12808,6.396756380510052e-15,0.0,1.940437975272676e-07,"{""1e-06"": 0.012379823217473777, ""1e-08"": 0.0002132445768726229, ""1e-10"": 4.4680260040903176e-06, ""1e-12"": 1.940437975272676e-07, ""1e-14"": 2.1747734632341607e-07}",0.1764912388367556,0.03519211925547657,200023,200031,direct,streaming_tsqr,1e-14,hu_zhang,0.3333333333333333,LS(tsvd),8.451819228315516e-10,3.4679273428914714e-08,0.6359828310087323,1289,2004,990343431501.8961,4.805030105095609e-08,1.879736135285612e-07,4.911386191724321e-08,1.8474692792419432e-07,False,1.7763568394002505e-14,1.2042450370230995e-14,2.687613613858749e-08,2.191632523525652e-08,2.2836308025822403,15.004035497307717,2.1041186253321987e-08,1.2528203733075057e-08,41.33039341970473,tsvd,1e-12,k,Kratio-4
elasticity-2d,2,400,1604,1681,7,7,4.0,12808,5.935319890624161e-15,0.0,1.9106409193456653e-07,"{""100.0"": 1.8790017559246368, ""1000.0"": 0.00042039528160987366, ""10000.0"": 1.9106409193456653e-07, ""100000.0"": 1.918391783205402e-07, ""1000000.0"": 1.918391783205402e-07, ""inf"": 1.918391783205402e-07}",0.1764912388367556,0.03519211925547657,300023,300031,direct,streaming_tsqr,1e-14,hu_zhang,0.3333333333333333,LS(ball),9.183764566369141e-10,2.7145664803978262e-08,1.2047970780113246,1622,2004,99476975978710.84,4.953381348068026e-08,1.8426849137151728e-07,4.693654112295111e-08,1.8225803080985208e-07,True,3.197442310920451e-14,-5.811497116869901e-14,2.0746306408371754e-08,1.7506509876611534e-08,2.2836308025822403,15.004035497307717,2.169081509352097e-08,1.2281262024778728e-08,223.41624910113111,ball,10000.0,k,Kratio-4
elasticity-2d,2,400,1604,1681,7,7,4.0,12808,5.935319890624161e-15,0.0,1.8765227924555458e-07,"{""1e-05"": 0.15525776819657225, ""1e-06"": 0.011787250051307142, ""1e-08"": 0.0001631683072072695, ""1e-10"": 2.846732745301075e-06, ""1e-12"": 1.8765227924555458e-07, ""1e-14"": 1.8916490874995897e-07}",0.1764912388367556,0.03519211925547657,300023,300031,direct,streaming_tsqr,1e-14,hu_zhang,0.3333333333333333,LS(ridge),9.463320512553535e-10,3.728067334929226e-08,0.6033271630003583,1285,2004,994937930940.8413,5.2751635924961144e-08,1.801977969547322e-07,5.114078169908622e-08,1.7629917022482625e-07,True,7.105427357601002e-15,3.685420024712727e-15,2.5930296294461283e-08,2.6785599479161893e-08,2.2836308025822403,15.004035497307717,2.3099896824526827e-08,1.200995538747335e-08,38.96020705652048,ridge,1e-12,k,Kratio-4
elasticity-2d,2,400,1604,1681,7,7,4.0,12808,5.935319890624161e-15,0.0,1.918391783205402e-07,"{""1e-06"": 0.01224944066114435, ""1e-08"": 0.0002023283352003243, ""1e-10"": 2.49531584000552e-06, ""1e-12"": 1.9278290064878186e-07, ""1e-14"": 1.918391783205402e-07}",0.1764912388367556,0.03519211925547657,300023,300031,direct,streaming_tsqr,1e-14,hu_zhang,0.3333333333333333,LS(tsvd),9.132977048482033e-10,3.142518153217515e-08,0.6112914000404999,1622,2004,99476975978710.84,5.1765232610900446e-08,1.845060272748598e-07,4.939090578896162e-08,1.8181015391451917e-07,False,2.842170943040401e-14,-1.2679961247652471e-14,2.3092654107418507e-08,2.1313642593542972e-08,2.2836308025822403,15.004035497307717,2.2667951646284656e-08,1.2297093492478544e-08,424.35963282807705,tsvd,1e-14,k,Kratio-4
elasticity-2d,3,400,1604,1681,7,7,4.0,12808,6.9060801621463426e-15,0.0,1.9621868641977957e-07,"{""100.0"": 1.8958976121138482, ""1000.0"": 0.0004237612207044395, ""10000.0"": 1.9621868641977957e-07, ""100000.0"": 2.2524029771182885e-07, ""1000000.0"": 2.2524029771182885e-07, ""inf"": 2.2524029771182885e-07}",0.1764912388367556,0.03519211925547657,400023,400031,direct,streaming_tsqr,1e-14,hu_zhang,0.3333333333333333,LS(ball),8.746184470936369e-10,2.388709634899114e-08,1.2157490049721673,1624,2004,99625302745881.58,5.102344056902262e-08,1.8935778849678834e-07,4.63117875601873e-08,1.8784509227661083e-07,True,7.105427357601002e-15,-3.0123473160337255e-14,1.825980944893567e-08,1.540041333453572e-08,2.2836308025822403,15.004035497307717,2.2343121537565227e-08,1.2620457245036922e-08,223.38060836035376,ball,10000.0,k,Kratio-4
elasticity-2d,3,400,1604,1681,7,7,4.0,12808,6.9060801621463426e-15,0.0,1.755530409547404e-07,"{""1e-05"": 0.15715512121348332, ""1e-06"": 0.014030923665058623, ""1e-08"": 0.0001777147129112759, ""1e-10"": 2.9670306326643117e-06, ""1e-12"": 1.755530409547404e-07, ""1e-14"": 2.1050263101071873e-07}",0.1764912388367556,0.03519211925547657,400023,400031,direct,streaming_tsqr,1e-14,hu_zhang,0.3333333333333333,LS(ridge),7.815303195091822e-10,2.981842249745759e-08,0.6283090579672717,1281,2004,996456300350.8594,5.620485969341299e-08,1.663645646784154e-07,5.3630342438111924e-08,1.6367049233261864e-07,True,1.0658141036401503e-14,1.280572869966079e-14,2.3182326968632964e-08,1.8754147182857388e-08,2.2836308025822403,15.004035497307717,2.4612060596598513e-08,1.1087987942195111e-08,39.41385503102406,ridge,1e-12,k,Kratio-4
elasticity-2d,3,400,1604,1681,7,7,4.0,12808,6.9060801621463426e-15,0.0,1.8678129863572756e-07,"{""1e-06"": 0.01334925398092605, ""1e-08"": 0.00023749753080418176, ""1e-10"": 2.515972625462376e-06, ""1e-12"": 1.8678129863572756e-07, ""1e-14"": 2.2524029771182885e-07}",0.1764912388367556,0.03519211925547657,400023,400031,direct,streaming_tsqr,1e-14,hu_zhang,0.3333333333333333,LS(tsvd),9.933123124990749e-10,3.9801400882013134e-08,0.6345047159993555,1281,2004,996456300350.8594,6.553684246841586e-08,1.749093195090246e-07,6.423594183652003e-08,1.7032063450721212e-07,False,1.4210854715202004e-14,4.700233258159159e-15,3.0862439512930376e-08,2.5132873681324825e-08,2.2836308025822403,15.004035497307717,2.869852797322114e-08,1.1657485050632535e-08,41.06289608469774,tsvd,1e-12,k,Kratio-4
elasticity-2d,4,400,1604,1681,7,7,4.0,12808,6.855740804027725e-15,0.0,1.4972612292090218e-07,"{""100.0"": 1.8902907579425268, ""1000.0"": 0.0004139877678223556, ""10000.0"": 1.4972612292090218e-07, ""100000.0"": 1.65246172268102e-07, ""1000000.0"": 1.65246172268102e-07, ""inf"": 1.65246172268102e-07}",0.1764912388367556,0.03519211925547657,500023,500031,direct,streaming_tsqr,1e-14,hu_zhang,0.3333333333333333,LS(ball),6.454393363505434e-10,1.7788900144858168e-08,1.2961609349877108,1634,2004,99676926255335.17,4.236783219011585e-08,1.4373387688465993e-07,3.8707262226213994e-08,1.4262882736645788e-07,True,2.4868995751603507e-14,-1.5096431049688164e-14,1.2803412629248218e-08,1.2349801350991123e-08,2.2836308025822403,15.004035497307717,1.8552837937817252e-08,9.579681207129319e-09,223.40953022202996,ball,10000.0,k,Kratio-4
elasticity-2d,4,400,1604,1681,7,7,4.0,12808,6.855740804027725e-15,0.0,1.4895521096939244e-07,"{""1e-05"": 0.14891833645067115, ""1e-06"": 0.011341889398709967, ""1e-08"": 0.00015109029460331838, ""1e-10"": 2.542102334717734e-06, ""1e-12"": 1.4895521096939244e-07, ""1e-14"": 1.5524016519195465e-07}",0.1764912388367556,0.03519211925547657,500023,500031,direct,streaming_tsqr,1e-14,hu_zhang,0.3333333333333333,LS(ridge),6.488901155713208e-10,2.4886234881866364e-08,0.6550930230005179,1294,2004,993452476239.1644,3.91685446939804e-08,1.4373504265310587e-07,3.827121386868072e-08,1.4156425325587934e-07,True,1.4210854715202004e-14,7.594619377826461e-15,1.826517497869931e-08,1.6902901218220464e-08,2.2836308025822403,15.004035497307717,1.7151872644952127e-08,9.579758904122646e-09,39.689958196052004,ridge,1e-12,k,Kratio-4
elasticity-2d,4,400,1604,1681,7,7,4.0,12808,6.855740804027725e-15,0.0,1.5482294600767957e-07,"{""1e-06"": 0.012339128877171625, ""1e-08"": 0.00019434127059154502, ""1e-10"": 2.188786599901772e-06, ""1e-12"": 1.5482294600767957e-07, ""1e-14"": 1.65246172268102e-07}",0.1764912388367556,0.03519211925547657,500023,500031,direct,streaming_tsqr,1e-14,hu_zhang,0.3333333333333333,LS(tsvd),7.345207729628801e-10,2.6259488681319035e-08,0.6616674959950615,1294,2004,993452476239.1644,4.17478408354306e-08,1.490859807013117e-07,4.0371790135722814e-08,1.4675513243449976e-07,False,1.0658141036401503e-14,-2.5414566284798212e-14,1.8790614759837608e-08,1.8343215169421515e-08,2.2836308025822403,15.004035497307717,1.82813442471628e-08,9.936392161166459e-09,40.85658261527364,tsvd,1e-12,k,Kratio-4
elasticity-2d,5,400,1604,1681,7,7,4.0,12808,6.440137745484768e-15,0.0,2.007227253209266e-07,"{""100.0"": 1.891977702534653, ""1000.0"": 0.00042624596626461575, ""10000.0"": 2.007227253209266e-07, ""100000.0"": 2.1621369869289354e-07, ""1000000.0"": 2.1621369869289354e-07, ""inf"": 2.1621369869289354e-07}",0.1764912388367556,0.03519211925547657,600023,600031,direct,streaming_tsqr,1e-14,hu_zhang,0.3333333333333333,LS(ball),7.513337785426035e-10,3.6131929393350126e-08,1.1703636320016813,1623,2004,99942971887223.77,4.165403876269513e-08,1.963448551031362e-07,4.367755587344658e-08,1.9299167288716244e-07,True,5.329070518200751e-15,-2.600784171358228e-14,2.493954068598879e-08,2.614451437793307e-08,2.2836308025822403,15.004035497307717,1.8240268398724685e-08,1.3086136402327745e-08,223.35859778749474,ball,10000.0,k,Kratio-4
elasticity-2d,5,400,1604,1681,7,7,4.0,12808,6.440137745484768e-15,0.0,1.7821315521845243e-07,"{""1e-05"": 0.15729433986206995, ""1e-06"": 0.012039500023903154, ""1e-08"": 0.00017158279261655262, ""1e-10"": 3.086340100978252e-06, ""1e-12"": 1.7821315521845243e-07, ""1e-14"": 2.120282360716554e-07}",0.1764912388367556,0.03519211925547657,600023,600031,direct,streaming_tsqr,1e-14,hu_zhang,0.3333333333333333,LS(ridge),6.984967366436716e-10,3.62412298919173e-08,0.5939326320076361,1290,2004,999640565544.692,5.3235235663442585e-08,1.7000978238487867e-07,5.3093595031185264e-08,1.6610207512994835e-07,True,2.4868995751603507e-14,-1.7937040741600185e-14,2.7294975922272928e-08,2.3841372307007437e-08,2.2836308025822403,15.004035497307717,2.331166474162385e-08,1.1330937094582637e-08,39.719845922911844,ridge,1e-12,k,Kratio-4
elasticity-2d,5,400,1604,1681,7,7,4.0,12808,6.440137745484768e-15,0.0,1.8388515162062162e-07,"{""1e-06"": 0.0126239616101306, ""1e-08"": 0.0002152579293477493, ""1e-10"": 3.0243153414155565e-06, ""1e-12"": 1.8388515162062162e-07, ""1e-14"": 2.1621369869289354e-07}",0.1764912388367556,0.03519211925547657,600023,600031,direct,streaming_tsqr,1e-14,hu_zhang,0.3333333333333333,LS(tsvd),1.0466343060775866e-09,4.124716887891634e-08,0.5990678569942247,1290,2004,999640565544.692,6.040757499471774e-08,1.7365669991295156e-07,5.9206939701583135e-08,1.6868704895198999e-07,False,1.4210854715202004e-14,-2.707903345999796e-15,2.9100164985341578e-08,2.9231991693207374e-08,2.2836308025822403,15.004035497307717,2.6452426077985646e-08,1.1573999537931781e-08,41.143972453042174,tsvd,1e-12,k,Kratio-4
elasticity-2d,6,400,1604,1681,7,7,4.0,12808,7.975041395074754e-15,0.0,1.7436851113680833e-07,"{""100.0"": 1.8992667932682892, ""1000.0"": 0.00041509942204328394, ""10000.0"": 1.7436851113680833e-07, ""100000.0"": 1.9075467043811986e-07, ""1000000.0"": 1.9075467043811986e-07, ""inf"": 1.9075467043811986e-07}",0.1764912388367556,0.03519211925547657,700023,700031,direct,streaming_tsqr,1e-14,hu_zhang,0.3333333333333333,LS(ball),8.035373311800853e-10,1.5085666365529316e-08,1.2206001780286897,1627,2004,99392261475259.2,3.600793019047556e-08,1.7035295033618946e-07,3.301880548275555e-08,1.696836773486247e-07,True,4.263256414560601e-14,-9.592153460413755e-15,1.1093534615019923e-08,1.0223053332415773e-08,2.2836308025822403,15.004035497307717,1.576784222290188e-08,1.1353808804755037e-08,223.35479183191796,ball,10000.0,k,Kratio-4
elasticity-2d,6,400,1604,1681,7,7,4.0,12808,7.975041395074754e-15,0.0,1.6814910214241187e-07,"{""1e-05"": 0.15538428373057492, ""1e-06"": 0.012067820957285319, ""1e-08"": 0.00015841474464443312, ""1e-10"": 2.7676429501947254e-06, ""1e-12"": 1.6814910214241187e-07, ""1e-14"": 1.9554933872764046e-07}",0.1764912388367556,0.03519211925547657,700023,700031,direct,streaming_tsqr,1e-14,hu_zhang,0.3333333333333333,LS(ridge),7.119481481863209e-10,2.452668838110229e-08,0.6309974220057484,1285,2004,986748684964.7871,4.005974807185759e-08,1.632687180549587e-07,3.819884012319492e-08,1.61415971490946e-07,True,0.0,-1.784683512084939e-14,1.7454073166437466e-08,1.723118605448695e-08,2.2836308025822403,15.004035497307717,1.754212985153274e-08,1.0881653678055826e-08,38.75791079938519,ridge,1e-12,k,Kratio-4
elasticity-2d,6,400,1604,1681,7,7,4.0,12808,7.975041395074754e-15,0.0,1.7222600335587677e-07,"{""1e-06"": 0.012351606663529897, ""1e-08"": 0.00019828974678314808, ""1e-10"": 2.650530502015282e-06, ""1e-12"": 1.7222600335587677e-07, ""1e-14"": 1.9075467043811986e-07}",0.1764912388367556,0.03519211925547657,700023,700031,direct,streaming_tsqr,1e-14,hu_zhang,0.3333333333333333,LS(tsvd),7.499489286795028e-10,2.777195487962151e-08,0.6359210630180314,1285,2004,986748684964.7871,4.180393935773632e-08,1.6703309815437792e-07,3.940134390840851e-08,1.6470814916455807e-07,False,1.7763568394002505e-14,-9.933893985181186e-15,1.8517842080564887e-08,2.0697125465025168e-08,2.2836308025822403,15.004035497307717,1.830590974270712e-08,1.1132544853306291e-08,39.674426744820494,tsvd,1e-12,k,Kratio-4
elasticity-2d,7,400,1604,1681,7,7,4.0,12808,5.757303973625029e-15,0.0,1.5337122400278554e-07,"{""100.0"": 1.9095946116299294, ""1000.0"": 0.0004091409654369163, ""10000.0"": 1.5337122400278554e-07, ""100000.0"": 2.0172216093641163e-07, ""1000000.0"": 2.0172216093641163e-07, ""inf"": 2.0172216093641163e-07}",0.1764912388367556,0.03519211925547657,800023,800031,direct,streaming_tsqr,1e-14,hu_zhang,0.3333333333333333,LS(ball),6.449632691713994e-10,1.53738294310891e-08,1.254950907023158,1648,2004,99817878390775.22,3.965789096688679e-08,1.4824229028906204e-07,3.608544875345754e-08,1.4744294489316984e-07,True,1.7763568394002505e-14,-2.6449328838218378e-14,1.1547073845307613e-08,1.0149862904849223e-08,2.2836308025822403,15.004035497307717,1.7366156964621073e-08,9.880161261659388e-09,223.40537434329832,ball,10000.0,k,Kratio-4
elasticity-2d,7,400,1604,1681,7,7,4.0,12808,5.757303973625029e-15,0.0,1.502240666161928e-07,"{""1e-05"": 0.1421443321970054, ""1e-06"": 0.011753743055720847, ""1e-08"": 0.00014534273380719192, ""1e-10"": 1.8252068796184742e-06, ""1e-12"": 1.502240666161928e-07, ""1e-14"": 1.8748945496566486e-07}",0.1764912388367556,0.03519211925547657,800023,800031,direct,streaming_tsqr,1e-14,hu_zhang,0.3333333333333333,LS(ridge),6.749791042846464e-10,2.1892758680475305e-08,0.6320961160236038,1286,2004,997249481820.8861,4.422776120380207e-08,1.4369291328998243e-07,4.113068330587019e-08,1.420153528570798e-07,True,2.842170943040401e-14,1.1078811479325879e-14,1.5409475947502677e-08,1.5551235760056607e-08,2.2836308025822403,15.004035497307717,1.9367299282261848e-08,9.576951035324217e-09,39.4695120674779,ridge,1e-12,k,Kratio-4
elasticity-2d,7,400,1604,1681,7,7,4.0,12808,5.757303973625029e-15,0.0,1.6081165933180814e-07,"{""1e-06"": 0.012504060663571907, ""1e-08"": 0.00018095539037690705, ""1e-10"": 1.6003257143171614e-06, ""1e-12"": 1.6081165933180814e-07, ""1e-14"": 2.0172216093641163e-07}",0.1764912388367556,0.03519211925547657,800023,800031,direct,streaming_tsqr,1e-14,hu_zhang,0.3333333333333333,LS(tsvd),7.81671560827031e-10,2.84233143888998e-08,0.6381309409916867,1286,2004,997249481820.8861,4.860020444375958e-08,1.5336929146176777e-07,4.5102456273283635e-08,1.5071249040021344e-07,False,4.618527782440651e-14,-2.894125911145906e-14,1.9256968980336936e-08,2.090583522705035e-08,2.2836308025822403,15.004035497307717,2.128198848465539e-08,1.0221869409019189e-08,41.318779300172444,tsvd,1e-12,k,Kratio-4
elasticity-2d,8,400,1604,1681,7,7,4.0,12808,6.809212659427346e-15,0.0,2.559368771995025e-07,"{""100.0"": 1.8932859725688649, ""1000.0"": 0.00044649877255682193, ""10000.0"": 2.559368771995025e-07, ""100000.0"": 2.9753242154935956e-07, ""1000000.0"": 2.9753242154935956e-07, ""inf"": 2.9753242154935956e-07}",0.1764912388367556,0.03519211925547657,900023,900031,direct,streaming_tsqr,1e-14,hu_zhang,0.3333333333333333,LS(ball),9.485444434745242e-10,4.6399326451853937e-08,1.2157367930049077,1619,2004,95605386911748.45,7.806675095789635e-08,2.435569320463938e-07,7.468236642305825e-08,2.3909638569553066e-07,True,0.0,-3.436920886779049e-14,3.508298079611439e-08,3.036580237117374e-08,2.2836308025822403,15.004035497307717,3.4185364319670904e-08,1.6232761652030012e-08,223.41052618498495,ball,10000.0,k,Kratio-4
elasticity-2d,8,400,1604,1681,7,7,4.0,12808,6.809212659427346e-15,0.0,2.447400285577376e-07,"{""1e-05"": 0.16221275548545458, ""1e-06"": 0.012511243048179521, ""1e-08"": 0.00018859691939307488, ""1e-10"": 3.967947687617557e-06, ""1e-12"": 2.447400285577376e-07, ""1e-14"": 3.233398613195656e-07}",0.1764912388367556,0.03519211925547657,900023,900031,direct,streaming_tsqr,1e-14,hu_zhang,0.3333333333333333,LS(ridge),8.427365447968961e-10,4.5880967873454775e-08,0.6075036610127427,1284,2004,999269769087.0388,7.450834480905726e-08,2.3309350001380264e-07,7.248808063228493e-08,2.2853340354460137e-07,True,1.0658141036401503e-14,-2.0559942637277118e-14,3.4356163464566757e-08,3.040916383265014e-08,2.2836308025822403,15.004035497307717,3.262714127205069e-08,1.55353871333901e-08,38.98706285463693,ridge,1e-12,k,Kratio-4
elasticity-2d,8,400,1604,1681,7,7,4.0,12808,6.809212659427346e-15,0.0,2.733562928326759e-07,"{""1e-06"": 0.012752226858591297, ""1e-08"": 0.00021968253033157343, ""1e-10"": 4.097894091981403e-06, ""1e-12"": 2.733562928326759e-07, ""1e-14"": 2.9753242154935956e-07}",0.1764912388367556,0.03519211925547657,900023,900031,direct,streaming_tsqr,1e-14,hu_zhang,0.3333333333333333,LS(tsvd),1.3177902965952034e-09,7.683109539797718e-08,0.6144752480031457,1284,2004,999269769087.0388,1.1672708043993882e-07,2.4703311599370976e-07,1.1114514105425784e-07,2.347814796305462e-07,False,3.197442310920451e-14,-2.736092602484419e-14,5.5141378308479366e-08,5.35018281771215e-08,2.2836308025822403,15.004035497307717,5.1114689952486374e-08,1.6464444918038e-08,41.041178751549026,tsvd,1e-12,k,Kratio-4
elasticity-2d,9,400,1604,1681,7,7,4.0,12808,5.7736643559348254e-15,0.0,1.596370867361468e-07,"{""100.0"": 1.8925306784983522, ""1000.0"": 0.00042945656393027866, ""10000.0"": 1.596370867361468e-07, ""100000.0"": 1.675416528359556e-07, ""1000000.0"": 1.675416528359556e-07, ""inf"": 1.675416528359556e-07}",0.1764912388367556,0.03519211925547657,1000023,1000031,direct,streaming_tsqr,1e-14,hu_zhang,0.3333333333333333,LS(ball),7.307240757628443e-10,3.8530692257648103e-08,1.176190875004977,1637,2004,99378520307351.39,4.4384692237928886e-08,1.5337480263191946e-07,4.722510621412606e-08,1.4845610744097619e-07,True,1.9539925233402755e-14,-8.157537145780935e-15,2.7008854900917815e-08,2.747973804086842e-08,2.2836308025822403,15.004035497307717,1.943601924958291e-08,1.0222236721543388e-08,223.41866630692542,ball,10000.0,k,Kratio-4
elasticity-2d,9,400,1604,1681,7,7,4.0,12808,5.7736643559348254e-15,0.0,1.6482960699606768e-07,"{""1e-05"": 0.14797442816287867, ""1e-06"": 0.012188643040651, ""1e-08"": 0.00015726343661858505, ""1e-10"": 3.115187419589488e-06, ""1e-12"": 1.6482960699606768e-07, ""1e-14"": 1.659505848265544e-07}",0.1764912388367556,0.03519211925547657,1000023,1000031,direct,streaming_tsqr,1e-14,hu_zhang,0.3333333333333333,LS(ridge),7.152756863032552e-10,3.094760125161831e-08,0.6012690250063315,1290,2004,992822719420.5463,4.743418318663956e-08,1.5789266893818445e-07,4.6699143996011434e-08,1.5483003869144368e-07,True,3.552713678800501e-15,-9.883587004377858e-15,2.295808057685777e-08,2.075284461117736e-08,2.2836308025822403,15.004035497307717,2.077138876082896e-08,1.0523346800033649e-08,38.83229728398738,ridge,1e-12,k,Kratio-4
elasticity-2d,9,400,1604,1681,7,7,4.0,12808,5.7736643559348254e-15,0.0,1.675416528359556e-07,"{""1e-06"": 0.012567213981705974, ""1e-08"": 0.00021225964739641606, ""1e-10"": 2.5007573281291035e-06, ""1e-12"": 1.7183697336223005e-07, ""1e-14"": 1.675416528359556e-07}",0.1764912388367556,0.03519211925547657,1000023,1000031,direct,streaming_tsqr,1e-14,hu_zhang,0.3333333333333333,LS(tsvd),7.934532613315319e-10,4.998081457951678e-08,0.6092364660289604,1637,2004,99378520307351.39,5.268184058195331e-08,1.5909138706691836e-07,5.7201320682338554e-08,1.5103637844189725e-07,False,7.105427357601002e-15,-1.9720336474904343e-14,3.3845894809001515e-08,3.677685726934864e-08,2.2836308025822403,15.004035497307717,2.306933350276356e-08,1.060323984807056e-08,555.4155328113676,tsvd,1e-14,k,Kratio-4
